[      53ms] [LOG] [Fast Refresh] rebuilding @ webpack-internal:///(app-pages-browser)/./node_modules/.pnpm/next@15.5.18_react-dom@19.2.4_react@19.2.4__react@19.2.4/node_modules/next/dist/client/dev/hot-reloader/app/hot-reloader-app.js:196
[      60ms] [LOG] [Fast Refresh] done in 7ms @ webpack-internal:///(app-pages-browser)/./node_modules/.pnpm/next@15.5.18_react-dom@19.2.4_react@19.2.4__react@19.2.4/node_modules/next/dist/client/dev/report-hmr-latency.js:13
[     594ms] [INFO] %cDownload the React DevTools for a better development experience: https://react.dev/link/react-devtools font-weight:bold @ webpack-internal:///(app-pages-browser)/./node_modules/.pnpm/next@15.5.18_react-dom@19.2.4_react@19.2.4__react@19.2.4/node_modules/next/dist/compiled/react-dom/cjs/react-dom-client.development.js:25630
[     708ms] [LOG] [Fast Refresh] rebuilding @ webpack-internal:///(app-pages-browser)/./node_modules/.pnpm/next@15.5.18_react-dom@19.2.4_react@19.2.4__react@19.2.4/node_modules/next/dist/client/dev/hot-reloader/app/hot-reloader-app.js:196
[     787ms] [LOG] [Fast Refresh] rebuilding @ webpack-internal:///(app-pages-browser)/./node_modules/.pnpm/next@15.5.18_react-dom@19.2.4_react@19.2.4__react@19.2.4/node_modules/next/dist/client/dev/hot-reloader/app/hot-reloader-app.js:196
[     877ms] [LOG] [Fast Refresh] done in 90ms @ webpack-internal:///(app-pages-browser)/./node_modules/.pnpm/next@15.5.18_react-dom@19.2.4_react@19.2.4__react@19.2.4/node_modules/next/dist/client/dev/report-hmr-latency.js:13
[     881ms] [LOG] [Fast Refresh] rebuilding @ webpack-internal:///(app-pages-browser)/./node_modules/.pnpm/next@15.5.18_react-dom@19.2.4_react@19.2.4__react@19.2.4/node_modules/next/dist/client/dev/hot-reloader/app/hot-reloader-app.js:196
[     888ms] [LOG] [Fast Refresh] done in 8ms @ webpack-internal:///(app-pages-browser)/./node_modules/.pnpm/next@15.5.18_react-dom@19.2.4_react@19.2.4__react@19.2.4/node_modules/next/dist/client/dev/report-hmr-latency.js:13
[     960ms] [LOG] [Fast Refresh] rebuilding @ webpack-internal:///(app-pages-browser)/./node_modules/.pnpm/next@15.5.18_react-dom@19.2.4_react@19.2.4__react@19.2.4/node_modules/next/dist/client/dev/hot-reloader/app/hot-reloader-app.js:196
[     963ms] [LOG] [Fast Refresh] done in 3ms @ webpack-internal:///(app-pages-browser)/./node_modules/.pnpm/next@15.5.18_react-dom@19.2.4_react@19.2.4__react@19.2.4/node_modules/next/dist/client/dev/report-hmr-latency.js:13
[    1158ms] [LOG] [Fast Refresh] rebuilding @ webpack-internal:///(app-pages-browser)/./node_modules/.pnpm/next@15.5.18_react-dom@19.2.4_react@19.2.4__react@19.2.4/node_modules/next/dist/client/dev/hot-reloader/app/hot-reloader-app.js:196
[    1168ms] [LOG] [Fast Refresh] done in 9ms @ webpack-internal:///(app-pages-browser)/./node_modules/.pnpm/next@15.5.18_react-dom@19.2.4_react@19.2.4__react@19.2.4/node_modules/next/dist/client/dev/report-hmr-latency.js:13
[    1336ms] [LOG] [Fast Refresh] done in 177ms @ webpack-internal:///(app-pages-browser)/./node_modules/.pnpm/next@15.5.18_react-dom@19.2.4_react@19.2.4__react@19.2.4/node_modules/next/dist/client/dev/report-hmr-latency.js:13
[    1366ms] [LOG] [Fast Refresh] rebuilding @ webpack-internal:///(app-pages-browser)/./node_modules/.pnpm/next@15.5.18_react-dom@19.2.4_react@19.2.4__react@19.2.4/node_modules/next/dist/client/dev/hot-reloader/app/hot-reloader-app.js:196
[    1427ms] [LOG] [Fast Refresh] rebuilding @ webpack-internal:///(app-pages-browser)/./node_modules/.pnpm/next@15.5.18_react-dom@19.2.4_react@19.2.4__react@19.2.4/node_modules/next/dist/client/dev/hot-reloader/app/hot-reloader-app.js:196
[    1429ms] [LOG] [Fast Refresh] done in 2ms @ webpack-internal:///(app-pages-browser)/./node_modules/.pnpm/next@15.5.18_react-dom@19.2.4_react@19.2.4__react@19.2.4/node_modules/next/dist/client/dev/report-hmr-latency.js:13
[    1489ms] [LOG] [Fast Refresh] rebuilding @ webpack-internal:///(app-pages-browser)/./node_modules/.pnpm/next@15.5.18_react-dom@19.2.4_react@19.2.4__react@19.2.4/node_modules/next/dist/client/dev/hot-reloader/app/hot-reloader-app.js:196
[    1494ms] [LOG] [Fast Refresh] done in 5ms @ webpack-internal:///(app-pages-browser)/./node_modules/.pnpm/next@15.5.18_react-dom@19.2.4_react@19.2.4__react@19.2.4/node_modules/next/dist/client/dev/report-hmr-latency.js:13
[    1546ms] [ERROR] Failed to load resource: the server responded with a status of 500 (Internal Server Error) @ http://localhost:3000/login?_rsc=2DvR04nk5zSiS0_p:0
[    1589ms] [LOG] [Fast Refresh] rebuilding @ webpack-internal:///(app-pages-browser)/./node_modules/.pnpm/next@15.5.18_react-dom@19.2.4_react@19.2.4__react@19.2.4/node_modules/next/dist/client/dev/hot-reloader/app/hot-reloader-app.js:196
[    1658ms] [LOG] [Fast Refresh] done in 70ms @ webpack-internal:///(app-pages-browser)/./node_modules/.pnpm/next@15.5.18_react-dom@19.2.4_react@19.2.4__react@19.2.4/node_modules/next/dist/client/dev/report-hmr-latency.js:13
[    1725ms] [LOG] [Fast Refresh] rebuilding @ webpack-internal:///(app-pages-browser)/./node_modules/.pnpm/next@15.5.18_react-dom@19.2.4_react@19.2.4__react@19.2.4/node_modules/next/dist/client/dev/hot-reloader/app/hot-reloader-app.js:196
[    1759ms] [LOG] [Fast Refresh] done in 34ms @ webpack-internal:///(app-pages-browser)/./node_modules/.pnpm/next@15.5.18_react-dom@19.2.4_react@19.2.4__react@19.2.4/node_modules/next/dist/client/dev/report-hmr-latency.js:13
[    1821ms] [LOG] [Fast Refresh] rebuilding @ webpack-internal:///(app-pages-browser)/./node_modules/.pnpm/next@15.5.18_react-dom@19.2.4_react@19.2.4__react@19.2.4/node_modules/next/dist/client/dev/hot-reloader/app/hot-reloader-app.js:196
[    1838ms] [LOG] [Fast Refresh] done in 18ms @ webpack-internal:///(app-pages-browser)/./node_modules/.pnpm/next@15.5.18_react-dom@19.2.4_react@19.2.4__react@19.2.4/node_modules/next/dist/client/dev/report-hmr-latency.js:13
[    1909ms] [LOG] [Fast Refresh] rebuilding @ webpack-internal:///(app-pages-browser)/./node_modules/.pnpm/next@15.5.18_react-dom@19.2.4_react@19.2.4__react@19.2.4/node_modules/next/dist/client/dev/hot-reloader/app/hot-reloader-app.js:196
[    1926ms] [LOG] [Fast Refresh] done in 17ms @ webpack-internal:///(app-pages-browser)/./node_modules/.pnpm/next@15.5.18_react-dom@19.2.4_react@19.2.4__react@19.2.4/node_modules/next/dist/client/dev/report-hmr-latency.js:13
[    1991ms] [LOG] [Fast Refresh] rebuilding @ webpack-internal:///(app-pages-browser)/./node_modules/.pnpm/next@15.5.18_react-dom@19.2.4_react@19.2.4__react@19.2.4/node_modules/next/dist/client/dev/hot-reloader/app/hot-reloader-app.js:196
[    1995ms] [LOG] [Fast Refresh] done in 3ms @ webpack-internal:///(app-pages-browser)/./node_modules/.pnpm/next@15.5.18_react-dom@19.2.4_react@19.2.4__react@19.2.4/node_modules/next/dist/client/dev/report-hmr-latency.js:13
[    2078ms] [LOG] [Fast Refresh] rebuilding @ webpack-internal:///(app-pages-browser)/./node_modules/.pnpm/next@15.5.18_react-dom@19.2.4_react@19.2.4__react@19.2.4/node_modules/next/dist/client/dev/hot-reloader/app/hot-reloader-app.js:196
[    2083ms] [LOG] [Fast Refresh] done in 5ms @ webpack-internal:///(app-pages-browser)/./node_modules/.pnpm/next@15.5.18_react-dom@19.2.4_react@19.2.4__react@19.2.4/node_modules/next/dist/client/dev/report-hmr-latency.js:13
[    2164ms] [LOG] [Fast Refresh] rebuilding @ webpack-internal:///(app-pages-browser)/./node_modules/.pnpm/next@15.5.18_react-dom@19.2.4_react@19.2.4__react@19.2.4/node_modules/next/dist/client/dev/hot-reloader/app/hot-reloader-app.js:196
[    2192ms] [LOG] [Fast Refresh] done in 29ms @ webpack-internal:///(app-pages-browser)/./node_modules/.pnpm/next@15.5.18_react-dom@19.2.4_react@19.2.4__react@19.2.4/node_modules/next/dist/client/dev/report-hmr-latency.js:13
[    2252ms] [LOG] [Fast Refresh] rebuilding @ webpack-internal:///(app-pages-browser)/./node_modules/.pnpm/next@15.5.18_react-dom@19.2.4_react@19.2.4__react@19.2.4/node_modules/next/dist/client/dev/hot-reloader/app/hot-reloader-app.js:196
[    2278ms] [LOG] [Fast Refresh] done in 25ms @ webpack-internal:///(app-pages-browser)/./node_modules/.pnpm/next@15.5.18_react-dom@19.2.4_react@19.2.4__react@19.2.4/node_modules/next/dist/client/dev/report-hmr-latency.js:13
[    2338ms] [LOG] [Fast Refresh] rebuilding @ webpack-internal:///(app-pages-browser)/./node_modules/.pnpm/next@15.5.18_react-dom@19.2.4_react@19.2.4__react@19.2.4/node_modules/next/dist/client/dev/hot-reloader/app/hot-reloader-app.js:196
[    2362ms] [LOG] [Fast Refresh] done in 24ms @ webpack-internal:///(app-pages-browser)/./node_modules/.pnpm/next@15.5.18_react-dom@19.2.4_react@19.2.4__react@19.2.4/node_modules/next/dist/client/dev/report-hmr-latency.js:13
[    2428ms] [LOG] [Fast Refresh] rebuilding @ webpack-internal:///(app-pages-browser)/./node_modules/.pnpm/next@15.5.18_react-dom@19.2.4_react@19.2.4__react@19.2.4/node_modules/next/dist/client/dev/hot-reloader/app/hot-reloader-app.js:196
[    2432ms] [LOG] [Fast Refresh] done in 3ms @ webpack-internal:///(app-pages-browser)/./node_modules/.pnpm/next@15.5.18_react-dom@19.2.4_react@19.2.4__react@19.2.4/node_modules/next/dist/client/dev/report-hmr-latency.js:13
[    2518ms] [LOG] [Fast Refresh] rebuilding @ webpack-internal:///(app-pages-browser)/./node_modules/.pnpm/next@15.5.18_react-dom@19.2.4_react@19.2.4__react@19.2.4/node_modules/next/dist/client/dev/hot-reloader/app/hot-reloader-app.js:196
[    2544ms] [LOG] [Fast Refresh] done in 26ms @ webpack-internal:///(app-pages-browser)/./node_modules/.pnpm/next@15.5.18_react-dom@19.2.4_react@19.2.4__react@19.2.4/node_modules/next/dist/client/dev/report-hmr-latency.js:13
[    2607ms] [LOG] [Fast Refresh] rebuilding @ webpack-internal:///(app-pages-browser)/./node_modules/.pnpm/next@15.5.18_react-dom@19.2.4_react@19.2.4__react@19.2.4/node_modules/next/dist/client/dev/hot-reloader/app/hot-reloader-app.js:196
[    2632ms] [LOG] [Fast Refresh] done in 25ms @ webpack-internal:///(app-pages-browser)/./node_modules/.pnpm/next@15.5.18_react-dom@19.2.4_react@19.2.4__react@19.2.4/node_modules/next/dist/client/dev/report-hmr-latency.js:13
[    2704ms] [LOG] [Fast Refresh] rebuilding @ webpack-internal:///(app-pages-browser)/./node_modules/.pnpm/next@15.5.18_react-dom@19.2.4_react@19.2.4__react@19.2.4/node_modules/next/dist/client/dev/hot-reloader/app/hot-reloader-app.js:196
[    2730ms] [LOG] [Fast Refresh] done in 25ms @ webpack-internal:///(app-pages-browser)/./node_modules/.pnpm/next@15.5.18_react-dom@19.2.4_react@19.2.4__react@19.2.4/node_modules/next/dist/client/dev/report-hmr-latency.js:13
[    2790ms] [LOG] [Fast Refresh] rebuilding @ webpack-internal:///(app-pages-browser)/./node_modules/.pnpm/next@15.5.18_react-dom@19.2.4_react@19.2.4__react@19.2.4/node_modules/next/dist/client/dev/hot-reloader/app/hot-reloader-app.js:196
[    2793ms] [LOG] [Fast Refresh] done in 4ms @ webpack-internal:///(app-pages-browser)/./node_modules/.pnpm/next@15.5.18_react-dom@19.2.4_react@19.2.4__react@19.2.4/node_modules/next/dist/client/dev/report-hmr-latency.js:13
[    2920ms] [LOG] [Fast Refresh] rebuilding @ webpack-internal:///(app-pages-browser)/./node_modules/.pnpm/next@15.5.18_react-dom@19.2.4_react@19.2.4__react@19.2.4/node_modules/next/dist/client/dev/hot-reloader/app/hot-reloader-app.js:196
[    2944ms] [LOG] [Fast Refresh] done in 23ms @ webpack-internal:///(app-pages-browser)/./node_modules/.pnpm/next@15.5.18_react-dom@19.2.4_react@19.2.4__react@19.2.4/node_modules/next/dist/client/dev/report-hmr-latency.js:13
[    3005ms] [LOG] [Fast Refresh] rebuilding @ webpack-internal:///(app-pages-browser)/./node_modules/.pnpm/next@15.5.18_react-dom@19.2.4_react@19.2.4__react@19.2.4/node_modules/next/dist/client/dev/hot-reloader/app/hot-reloader-app.js:196
[    3027ms] [LOG] [Fast Refresh] done in 23ms @ webpack-internal:///(app-pages-browser)/./node_modules/.pnpm/next@15.5.18_react-dom@19.2.4_react@19.2.4__react@19.2.4/node_modules/next/dist/client/dev/report-hmr-latency.js:13
[    3092ms] [LOG] [Fast Refresh] rebuilding @ webpack-internal:///(app-pages-browser)/./node_modules/.pnpm/next@15.5.18_react-dom@19.2.4_react@19.2.4__react@19.2.4/node_modules/next/dist/client/dev/hot-reloader/app/hot-reloader-app.js:196
[    3119ms] [LOG] [Fast Refresh] done in 26ms @ webpack-internal:///(app-pages-browser)/./node_modules/.pnpm/next@15.5.18_react-dom@19.2.4_react@19.2.4__react@19.2.4/node_modules/next/dist/client/dev/report-hmr-latency.js:13
[    3179ms] [LOG] [Fast Refresh] rebuilding @ webpack-internal:///(app-pages-browser)/./node_modules/.pnpm/next@15.5.18_react-dom@19.2.4_react@19.2.4__react@19.2.4/node_modules/next/dist/client/dev/hot-reloader/app/hot-reloader-app.js:196
[    3183ms] [LOG] [Fast Refresh] done in 4ms @ webpack-internal:///(app-pages-browser)/./node_modules/.pnpm/next@15.5.18_react-dom@19.2.4_react@19.2.4__react@19.2.4/node_modules/next/dist/client/dev/report-hmr-latency.js:13
[    3260ms] [LOG] [Fast Refresh] rebuilding @ webpack-internal:///(app-pages-browser)/./node_modules/.pnpm/next@15.5.18_react-dom@19.2.4_react@19.2.4__react@19.2.4/node_modules/next/dist/client/dev/hot-reloader/app/hot-reloader-app.js:196
[    3283ms] [LOG] [Fast Refresh] done in 22ms @ webpack-internal:///(app-pages-browser)/./node_modules/.pnpm/next@15.5.18_react-dom@19.2.4_react@19.2.4__react@19.2.4/node_modules/next/dist/client/dev/report-hmr-latency.js:13
[    3354ms] [LOG] [Fast Refresh] rebuilding @ webpack-internal:///(app-pages-browser)/./node_modules/.pnpm/next@15.5.18_react-dom@19.2.4_react@19.2.4__react@19.2.4/node_modules/next/dist/client/dev/hot-reloader/app/hot-reloader-app.js:196
[    3358ms] [LOG] [Fast Refresh] done in 4ms @ webpack-internal:///(app-pages-browser)/./node_modules/.pnpm/next@15.5.18_react-dom@19.2.4_react@19.2.4__react@19.2.4/node_modules/next/dist/client/dev/report-hmr-latency.js:13
[    3434ms] [LOG] [Fast Refresh] rebuilding @ webpack-internal:///(app-pages-browser)/./node_modules/.pnpm/next@15.5.18_react-dom@19.2.4_react@19.2.4__react@19.2.4/node_modules/next/dist/client/dev/hot-reloader/app/hot-reloader-app.js:196
[    3436ms] [LOG] [Fast Refresh] done in 3ms @ webpack-internal:///(app-pages-browser)/./node_modules/.pnpm/next@15.5.18_react-dom@19.2.4_react@19.2.4__react@19.2.4/node_modules/next/dist/client/dev/report-hmr-latency.js:13
[    3638ms] [LOG] [Fast Refresh] rebuilding @ webpack-internal:///(app-pages-browser)/./node_modules/.pnpm/next@15.5.18_react-dom@19.2.4_react@19.2.4__react@19.2.4/node_modules/next/dist/client/dev/hot-reloader/app/hot-reloader-app.js:196
[    3644ms] [LOG] [Fast Refresh] done in 6ms @ webpack-internal:///(app-pages-browser)/./node_modules/.pnpm/next@15.5.18_react-dom@19.2.4_react@19.2.4__react@19.2.4/node_modules/next/dist/client/dev/report-hmr-latency.js:13
[    3803ms] [LOG] [Fast Refresh] done in 166ms @ webpack-internal:///(app-pages-browser)/./node_modules/.pnpm/next@15.5.18_react-dom@19.2.4_react@19.2.4__react@19.2.4/node_modules/next/dist/client/dev/report-hmr-latency.js:13
[    3845ms] [LOG] [Fast Refresh] rebuilding @ webpack-internal:///(app-pages-browser)/./node_modules/.pnpm/next@15.5.18_react-dom@19.2.4_react@19.2.4__react@19.2.4/node_modules/next/dist/client/dev/hot-reloader/app/hot-reloader-app.js:196
[    3966ms] [LOG] [Fast Refresh] rebuilding @ webpack-internal:///(app-pages-browser)/./node_modules/.pnpm/next@15.5.18_react-dom@19.2.4_react@19.2.4__react@19.2.4/node_modules/next/dist/client/dev/hot-reloader/app/hot-reloader-app.js:196
[    3969ms] [LOG] [Fast Refresh] done in 3ms @ webpack-internal:///(app-pages-browser)/./node_modules/.pnpm/next@15.5.18_react-dom@19.2.4_react@19.2.4__react@19.2.4/node_modules/next/dist/client/dev/report-hmr-latency.js:13
[    4023ms] [ERROR] Failed to load resource: the server responded with a status of 500 (Internal Server Error) @ http://localhost:3000/login?_rsc=2DvR04nk5zSiS0_p:0
[    4061ms] [LOG] [Fast Refresh] rebuilding @ webpack-internal:///(app-pages-browser)/./node_modules/.pnpm/next@15.5.18_react-dom@19.2.4_react@19.2.4__react@19.2.4/node_modules/next/dist/client/dev/hot-reloader/app/hot-reloader-app.js:196
[    4064ms] [LOG] [Fast Refresh] done in 4ms @ webpack-internal:///(app-pages-browser)/./node_modules/.pnpm/next@15.5.18_react-dom@19.2.4_react@19.2.4__react@19.2.4/node_modules/next/dist/client/dev/report-hmr-latency.js:13
[    4216ms] [LOG] [Fast Refresh] rebuilding @ webpack-internal:///(app-pages-browser)/./node_modules/.pnpm/next@15.5.18_react-dom@19.2.4_react@19.2.4__react@19.2.4/node_modules/next/dist/client/dev/hot-reloader/app/hot-reloader-app.js:196
[    4220ms] [LOG] [Fast Refresh] done in 5ms @ webpack-internal:///(app-pages-browser)/./node_modules/.pnpm/next@15.5.18_react-dom@19.2.4_react@19.2.4__react@19.2.4/node_modules/next/dist/client/dev/report-hmr-latency.js:13
[    4307ms] [LOG] [Fast Refresh] rebuilding @ webpack-internal:///(app-pages-browser)/./node_modules/.pnpm/next@15.5.18_react-dom@19.2.4_react@19.2.4__react@19.2.4/node_modules/next/dist/client/dev/hot-reloader/app/hot-reloader-app.js:196
[    4325ms] [LOG] [Fast Refresh] done in 17ms @ webpack-internal:///(app-pages-browser)/./node_modules/.pnpm/next@15.5.18_react-dom@19.2.4_react@19.2.4__react@19.2.4/node_modules/next/dist/client/dev/report-hmr-latency.js:13
[    4390ms] [LOG] [Fast Refresh] rebuilding @ webpack-internal:///(app-pages-browser)/./node_modules/.pnpm/next@15.5.18_react-dom@19.2.4_react@19.2.4__react@19.2.4/node_modules/next/dist/client/dev/hot-reloader/app/hot-reloader-app.js:196
[    4406ms] [LOG] [Fast Refresh] done in 16ms @ webpack-internal:///(app-pages-browser)/./node_modules/.pnpm/next@15.5.18_react-dom@19.2.4_react@19.2.4__react@19.2.4/node_modules/next/dist/client/dev/report-hmr-latency.js:13
[    4474ms] [LOG] [Fast Refresh] rebuilding @ webpack-internal:///(app-pages-browser)/./node_modules/.pnpm/next@15.5.18_react-dom@19.2.4_react@19.2.4__react@19.2.4/node_modules/next/dist/client/dev/hot-reloader/app/hot-reloader-app.js:196
[    4491ms] [LOG] [Fast Refresh] done in 17ms @ webpack-internal:///(app-pages-browser)/./node_modules/.pnpm/next@15.5.18_react-dom@19.2.4_react@19.2.4__react@19.2.4/node_modules/next/dist/client/dev/report-hmr-latency.js:13
[    4554ms] [LOG] [Fast Refresh] rebuilding @ webpack-internal:///(app-pages-browser)/./node_modules/.pnpm/next@15.5.18_react-dom@19.2.4_react@19.2.4__react@19.2.4/node_modules/next/dist/client/dev/hot-reloader/app/hot-reloader-app.js:196
[    4577ms] [LOG] [Fast Refresh] done in 23ms @ webpack-internal:///(app-pages-browser)/./node_modules/.pnpm/next@15.5.18_react-dom@19.2.4_react@19.2.4__react@19.2.4/node_modules/next/dist/client/dev/report-hmr-latency.js:13
[    4641ms] [LOG] [Fast Refresh] rebuilding @ webpack-internal:///(app-pages-browser)/./node_modules/.pnpm/next@15.5.18_react-dom@19.2.4_react@19.2.4__react@19.2.4/node_modules/next/dist/client/dev/hot-reloader/app/hot-reloader-app.js:196
[    4645ms] [LOG] [Fast Refresh] done in 4ms @ webpack-internal:///(app-pages-browser)/./node_modules/.pnpm/next@15.5.18_react-dom@19.2.4_react@19.2.4__react@19.2.4/node_modules/next/dist/client/dev/report-hmr-latency.js:13
[    4730ms] [LOG] [Fast Refresh] rebuilding @ webpack-internal:///(app-pages-browser)/./node_modules/.pnpm/next@15.5.18_react-dom@19.2.4_react@19.2.4__react@19.2.4/node_modules/next/dist/client/dev/hot-reloader/app/hot-reloader-app.js:196
[    4733ms] [LOG] [Fast Refresh] done in 4ms @ webpack-internal:///(app-pages-browser)/./node_modules/.pnpm/next@15.5.18_react-dom@19.2.4_react@19.2.4__react@19.2.4/node_modules/next/dist/client/dev/report-hmr-latency.js:13
[    4815ms] [LOG] [Fast Refresh] rebuilding @ webpack-internal:///(app-pages-browser)/./node_modules/.pnpm/next@15.5.18_react-dom@19.2.4_react@19.2.4__react@19.2.4/node_modules/next/dist/client/dev/hot-reloader/app/hot-reloader-app.js:196
[    4835ms] [LOG] [Fast Refresh] done in 20ms @ webpack-internal:///(app-pages-browser)/./node_modules/.pnpm/next@15.5.18_react-dom@19.2.4_react@19.2.4__react@19.2.4/node_modules/next/dist/client/dev/report-hmr-latency.js:13
[    4897ms] [LOG] [Fast Refresh] rebuilding @ webpack-internal:///(app-pages-browser)/./node_modules/.pnpm/next@15.5.18_react-dom@19.2.4_react@19.2.4__react@19.2.4/node_modules/next/dist/client/dev/hot-reloader/app/hot-reloader-app.js:196
[    4913ms] [LOG] [Fast Refresh] done in 17ms @ webpack-internal:///(app-pages-browser)/./node_modules/.pnpm/next@15.5.18_react-dom@19.2.4_react@19.2.4__react@19.2.4/node_modules/next/dist/client/dev/report-hmr-latency.js:13
[    4979ms] [LOG] [Fast Refresh] rebuilding @ webpack-internal:///(app-pages-browser)/./node_modules/.pnpm/next@15.5.18_react-dom@19.2.4_react@19.2.4__react@19.2.4/node_modules/next/dist/client/dev/hot-reloader/app/hot-reloader-app.js:196
[    4983ms] [LOG] [Fast Refresh] done in 4ms @ webpack-internal:///(app-pages-browser)/./node_modules/.pnpm/next@15.5.18_react-dom@19.2.4_react@19.2.4__react@19.2.4/node_modules/next/dist/client/dev/report-hmr-latency.js:13
[    5064ms] [LOG] [Fast Refresh] rebuilding @ webpack-internal:///(app-pages-browser)/./node_modules/.pnpm/next@15.5.18_react-dom@19.2.4_react@19.2.4__react@19.2.4/node_modules/next/dist/client/dev/hot-reloader/app/hot-reloader-app.js:196
[    5082ms] [LOG] [Fast Refresh] done in 18ms @ webpack-internal:///(app-pages-browser)/./node_modules/.pnpm/next@15.5.18_react-dom@19.2.4_react@19.2.4__react@19.2.4/node_modules/next/dist/client/dev/report-hmr-latency.js:13
[    5153ms] [LOG] [Fast Refresh] rebuilding @ webpack-internal:///(app-pages-browser)/./node_modules/.pnpm/next@15.5.18_react-dom@19.2.4_react@19.2.4__react@19.2.4/node_modules/next/dist/client/dev/hot-reloader/app/hot-reloader-app.js:196
[    5170ms] [LOG] [Fast Refresh] done in 18ms @ webpack-internal:///(app-pages-browser)/./node_modules/.pnpm/next@15.5.18_react-dom@19.2.4_react@19.2.4__react@19.2.4/node_modules/next/dist/client/dev/report-hmr-latency.js:13
[    5234ms] [LOG] [Fast Refresh] rebuilding @ webpack-internal:///(app-pages-browser)/./node_modules/.pnpm/next@15.5.18_react-dom@19.2.4_react@19.2.4__react@19.2.4/node_modules/next/dist/client/dev/hot-reloader/app/hot-reloader-app.js:196
[    5253ms] [LOG] [Fast Refresh] done in 18ms @ webpack-internal:///(app-pages-browser)/./node_modules/.pnpm/next@15.5.18_react-dom@19.2.4_react@19.2.4__react@19.2.4/node_modules/next/dist/client/dev/report-hmr-latency.js:13
[    5317ms] [LOG] [Fast Refresh] rebuilding @ webpack-internal:///(app-pages-browser)/./node_modules/.pnpm/next@15.5.18_react-dom@19.2.4_react@19.2.4__react@19.2.4/node_modules/next/dist/client/dev/hot-reloader/app/hot-reloader-app.js:196
[    5335ms] [LOG] [Fast Refresh] done in 18ms @ webpack-internal:///(app-pages-browser)/./node_modules/.pnpm/next@15.5.18_react-dom@19.2.4_react@19.2.4__react@19.2.4/node_modules/next/dist/client/dev/report-hmr-latency.js:13
[    5405ms] [LOG] [Fast Refresh] rebuilding @ webpack-internal:///(app-pages-browser)/./node_modules/.pnpm/next@15.5.18_react-dom@19.2.4_react@19.2.4__react@19.2.4/node_modules/next/dist/client/dev/hot-reloader/app/hot-reloader-app.js:196
[    5423ms] [LOG] [Fast Refresh] done in 17ms @ webpack-internal:///(app-pages-browser)/./node_modules/.pnpm/next@15.5.18_react-dom@19.2.4_react@19.2.4__react@19.2.4/node_modules/next/dist/client/dev/report-hmr-latency.js:13
[    5490ms] [LOG] [Fast Refresh] rebuilding @ webpack-internal:///(app-pages-browser)/./node_modules/.pnpm/next@15.5.18_react-dom@19.2.4_react@19.2.4__react@19.2.4/node_modules/next/dist/client/dev/hot-reloader/app/hot-reloader-app.js:196
[    5519ms] [LOG] [Fast Refresh] done in 30ms @ webpack-internal:///(app-pages-browser)/./node_modules/.pnpm/next@15.5.18_react-dom@19.2.4_react@19.2.4__react@19.2.4/node_modules/next/dist/client/dev/report-hmr-latency.js:13
[    5583ms] [LOG] [Fast Refresh] rebuilding @ webpack-internal:///(app-pages-browser)/./node_modules/.pnpm/next@15.5.18_react-dom@19.2.4_react@19.2.4__react@19.2.4/node_modules/next/dist/client/dev/hot-reloader/app/hot-reloader-app.js:196
[    5587ms] [LOG] [Fast Refresh] done in 4ms @ webpack-internal:///(app-pages-browser)/./node_modules/.pnpm/next@15.5.18_react-dom@19.2.4_react@19.2.4__react@19.2.4/node_modules/next/dist/client/dev/report-hmr-latency.js:13
[    5666ms] [LOG] [Fast Refresh] rebuilding @ webpack-internal:///(app-pages-browser)/./node_modules/.pnpm/next@15.5.18_react-dom@19.2.4_react@19.2.4__react@19.2.4/node_modules/next/dist/client/dev/hot-reloader/app/hot-reloader-app.js:196
[    5670ms] [LOG] [Fast Refresh] done in 4ms @ webpack-internal:///(app-pages-browser)/./node_modules/.pnpm/next@15.5.18_react-dom@19.2.4_react@19.2.4__react@19.2.4/node_modules/next/dist/client/dev/report-hmr-latency.js:13
[    5751ms] [LOG] [Fast Refresh] rebuilding @ webpack-internal:///(app-pages-browser)/./node_modules/.pnpm/next@15.5.18_react-dom@19.2.4_react@19.2.4__react@19.2.4/node_modules/next/dist/client/dev/hot-reloader/app/hot-reloader-app.js:196
[    5768ms] [LOG] [Fast Refresh] done in 17ms @ webpack-internal:///(app-pages-browser)/./node_modules/.pnpm/next@15.5.18_react-dom@19.2.4_react@19.2.4__react@19.2.4/node_modules/next/dist/client/dev/report-hmr-latency.js:13
[    5833ms] [LOG] [Fast Refresh] rebuilding @ webpack-internal:///(app-pages-browser)/./node_modules/.pnpm/next@15.5.18_react-dom@19.2.4_react@19.2.4__react@19.2.4/node_modules/next/dist/client/dev/hot-reloader/app/hot-reloader-app.js:196
[    5850ms] [LOG] [Fast Refresh] done in 17ms @ webpack-internal:///(app-pages-browser)/./node_modules/.pnpm/next@15.5.18_react-dom@19.2.4_react@19.2.4__react@19.2.4/node_modules/next/dist/client/dev/report-hmr-latency.js:13
[    5925ms] [LOG] [Fast Refresh] rebuilding @ webpack-internal:///(app-pages-browser)/./node_modules/.pnpm/next@15.5.18_react-dom@19.2.4_react@19.2.4__react@19.2.4/node_modules/next/dist/client/dev/hot-reloader/app/hot-reloader-app.js:196
[    5929ms] [LOG] [Fast Refresh] done in 4ms @ webpack-internal:///(app-pages-browser)/./node_modules/.pnpm/next@15.5.18_react-dom@19.2.4_react@19.2.4__react@19.2.4/node_modules/next/dist/client/dev/report-hmr-latency.js:13
[    6006ms] [LOG] [Fast Refresh] rebuilding @ webpack-internal:///(app-pages-browser)/./node_modules/.pnpm/next@15.5.18_react-dom@19.2.4_react@19.2.4__react@19.2.4/node_modules/next/dist/client/dev/hot-reloader/app/hot-reloader-app.js:196
[    6023ms] [LOG] [Fast Refresh] done in 17ms @ webpack-internal:///(app-pages-browser)/./node_modules/.pnpm/next@15.5.18_react-dom@19.2.4_react@19.2.4__react@19.2.4/node_modules/next/dist/client/dev/report-hmr-latency.js:13
[    6121ms] [LOG] [Fast Refresh] rebuilding @ webpack-internal:///(app-pages-browser)/./node_modules/.pnpm/next@15.5.18_react-dom@19.2.4_react@19.2.4__react@19.2.4/node_modules/next/dist/client/dev/hot-reloader/app/hot-reloader-app.js:196
[    6125ms] [LOG] [Fast Refresh] done in 4ms @ webpack-internal:///(app-pages-browser)/./node_modules/.pnpm/next@15.5.18_react-dom@19.2.4_react@19.2.4__react@19.2.4/node_modules/next/dist/client/dev/report-hmr-latency.js:13
[    6210ms] [LOG] [Fast Refresh] rebuilding @ webpack-internal:///(app-pages-browser)/./node_modules/.pnpm/next@15.5.18_react-dom@19.2.4_react@19.2.4__react@19.2.4/node_modules/next/dist/client/dev/hot-reloader/app/hot-reloader-app.js:196
[    6214ms] [LOG] [Fast Refresh] done in 3ms @ webpack-internal:///(app-pages-browser)/./node_modules/.pnpm/next@15.5.18_react-dom@19.2.4_react@19.2.4__react@19.2.4/node_modules/next/dist/client/dev/report-hmr-latency.js:13
[    6292ms] [LOG] [Fast Refresh] rebuilding @ webpack-internal:///(app-pages-browser)/./node_modules/.pnpm/next@15.5.18_react-dom@19.2.4_react@19.2.4__react@19.2.4/node_modules/next/dist/client/dev/hot-reloader/app/hot-reloader-app.js:196
[    6310ms] [LOG] [Fast Refresh] done in 18ms @ webpack-internal:///(app-pages-browser)/./node_modules/.pnpm/next@15.5.18_react-dom@19.2.4_react@19.2.4__react@19.2.4/node_modules/next/dist/client/dev/report-hmr-latency.js:13
[    6375ms] [LOG] [Fast Refresh] rebuilding @ webpack-internal:///(app-pages-browser)/./node_modules/.pnpm/next@15.5.18_react-dom@19.2.4_react@19.2.4__react@19.2.4/node_modules/next/dist/client/dev/hot-reloader/app/hot-reloader-app.js:196
[    6378ms] [LOG] [Fast Refresh] done in 3ms @ webpack-internal:///(app-pages-browser)/./node_modules/.pnpm/next@15.5.18_react-dom@19.2.4_react@19.2.4__react@19.2.4/node_modules/next/dist/client/dev/report-hmr-latency.js:13
[    6456ms] [LOG] [Fast Refresh] rebuilding @ webpack-internal:///(app-pages-browser)/./node_modules/.pnpm/next@15.5.18_react-dom@19.2.4_react@19.2.4__react@19.2.4/node_modules/next/dist/client/dev/hot-reloader/app/hot-reloader-app.js:196
[    6460ms] [LOG] [Fast Refresh] done in 3ms @ webpack-internal:///(app-pages-browser)/./node_modules/.pnpm/next@15.5.18_react-dom@19.2.4_react@19.2.4__react@19.2.4/node_modules/next/dist/client/dev/report-hmr-latency.js:13
[    6540ms] [LOG] [Fast Refresh] rebuilding @ webpack-internal:///(app-pages-browser)/./node_modules/.pnpm/next@15.5.18_react-dom@19.2.4_react@19.2.4__react@19.2.4/node_modules/next/dist/client/dev/hot-reloader/app/hot-reloader-app.js:196
[    6556ms] [LOG] [Fast Refresh] done in 16ms @ webpack-internal:///(app-pages-browser)/./node_modules/.pnpm/next@15.5.18_react-dom@19.2.4_react@19.2.4__react@19.2.4/node_modules/next/dist/client/dev/report-hmr-latency.js:13
[    6642ms] [LOG] [Fast Refresh] rebuilding @ webpack-internal:///(app-pages-browser)/./node_modules/.pnpm/next@15.5.18_react-dom@19.2.4_react@19.2.4__react@19.2.4/node_modules/next/dist/client/dev/hot-reloader/app/hot-reloader-app.js:196
[    6646ms] [LOG] [Fast Refresh] done in 4ms @ webpack-internal:///(app-pages-browser)/./node_modules/.pnpm/next@15.5.18_react-dom@19.2.4_react@19.2.4__react@19.2.4/node_modules/next/dist/client/dev/report-hmr-latency.js:13
[    6742ms] [LOG] [Fast Refresh] rebuilding @ webpack-internal:///(app-pages-browser)/./node_modules/.pnpm/next@15.5.18_react-dom@19.2.4_react@19.2.4__react@19.2.4/node_modules/next/dist/client/dev/hot-reloader/app/hot-reloader-app.js:196
[    6747ms] [LOG] [Fast Refresh] done in 5ms @ webpack-internal:///(app-pages-browser)/./node_modules/.pnpm/next@15.5.18_react-dom@19.2.4_react@19.2.4__react@19.2.4/node_modules/next/dist/client/dev/report-hmr-latency.js:13
[    6836ms] [LOG] [Fast Refresh] rebuilding @ webpack-internal:///(app-pages-browser)/./node_modules/.pnpm/next@15.5.18_react-dom@19.2.4_react@19.2.4__react@19.2.4/node_modules/next/dist/client/dev/hot-reloader/app/hot-reloader-app.js:196
[    6855ms] [LOG] [Fast Refresh] done in 20ms @ webpack-internal:///(app-pages-browser)/./node_modules/.pnpm/next@15.5.18_react-dom@19.2.4_react@19.2.4__react@19.2.4/node_modules/next/dist/client/dev/report-hmr-latency.js:13
[    6917ms] [LOG] [Fast Refresh] rebuilding @ webpack-internal:///(app-pages-browser)/./node_modules/.pnpm/next@15.5.18_react-dom@19.2.4_react@19.2.4__react@19.2.4/node_modules/next/dist/client/dev/hot-reloader/app/hot-reloader-app.js:196
[    6920ms] [LOG] [Fast Refresh] done in 4ms @ webpack-internal:///(app-pages-browser)/./node_modules/.pnpm/next@15.5.18_react-dom@19.2.4_react@19.2.4__react@19.2.4/node_modules/next/dist/client/dev/report-hmr-latency.js:13
[    7004ms] [LOG] [Fast Refresh] rebuilding @ webpack-internal:///(app-pages-browser)/./node_modules/.pnpm/next@15.5.18_react-dom@19.2.4_react@19.2.4__react@19.2.4/node_modules/next/dist/client/dev/hot-reloader/app/hot-reloader-app.js:196
[    7007ms] [LOG] [Fast Refresh] done in 4ms @ webpack-internal:///(app-pages-browser)/./node_modules/.pnpm/next@15.5.18_react-dom@19.2.4_react@19.2.4__react@19.2.4/node_modules/next/dist/client/dev/report-hmr-latency.js:13
[    7085ms] [LOG] [Fast Refresh] rebuilding @ webpack-internal:///(app-pages-browser)/./node_modules/.pnpm/next@15.5.18_react-dom@19.2.4_react@19.2.4__react@19.2.4/node_modules/next/dist/client/dev/hot-reloader/app/hot-reloader-app.js:196
[    7102ms] [LOG] [Fast Refresh] done in 17ms @ webpack-internal:///(app-pages-browser)/./node_modules/.pnpm/next@15.5.18_react-dom@19.2.4_react@19.2.4__react@19.2.4/node_modules/next/dist/client/dev/report-hmr-latency.js:13
[    7167ms] [LOG] [Fast Refresh] rebuilding @ webpack-internal:///(app-pages-browser)/./node_modules/.pnpm/next@15.5.18_react-dom@19.2.4_react@19.2.4__react@19.2.4/node_modules/next/dist/client/dev/hot-reloader/app/hot-reloader-app.js:196
[    7171ms] [LOG] [Fast Refresh] done in 4ms @ webpack-internal:///(app-pages-browser)/./node_modules/.pnpm/next@15.5.18_react-dom@19.2.4_react@19.2.4__react@19.2.4/node_modules/next/dist/client/dev/report-hmr-latency.js:13
[    7251ms] [LOG] [Fast Refresh] rebuilding @ webpack-internal:///(app-pages-browser)/./node_modules/.pnpm/next@15.5.18_react-dom@19.2.4_react@19.2.4__react@19.2.4/node_modules/next/dist/client/dev/hot-reloader/app/hot-reloader-app.js:196
[    7254ms] [LOG] [Fast Refresh] done in 3ms @ webpack-internal:///(app-pages-browser)/./node_modules/.pnpm/next@15.5.18_react-dom@19.2.4_react@19.2.4__react@19.2.4/node_modules/next/dist/client/dev/report-hmr-latency.js:13
[    7335ms] [LOG] [Fast Refresh] rebuilding @ webpack-internal:///(app-pages-browser)/./node_modules/.pnpm/next@15.5.18_react-dom@19.2.4_react@19.2.4__react@19.2.4/node_modules/next/dist/client/dev/hot-reloader/app/hot-reloader-app.js:196
[    7339ms] [LOG] [Fast Refresh] done in 3ms @ webpack-internal:///(app-pages-browser)/./node_modules/.pnpm/next@15.5.18_react-dom@19.2.4_react@19.2.4__react@19.2.4/node_modules/next/dist/client/dev/report-hmr-latency.js:13
[    7422ms] [LOG] [Fast Refresh] rebuilding @ webpack-internal:///(app-pages-browser)/./node_modules/.pnpm/next@15.5.18_react-dom@19.2.4_react@19.2.4__react@19.2.4/node_modules/next/dist/client/dev/hot-reloader/app/hot-reloader-app.js:196
[    7441ms] [LOG] [Fast Refresh] done in 19ms @ webpack-internal:///(app-pages-browser)/./node_modules/.pnpm/next@15.5.18_react-dom@19.2.4_react@19.2.4__react@19.2.4/node_modules/next/dist/client/dev/report-hmr-latency.js:13
[    7507ms] [LOG] [Fast Refresh] rebuilding @ webpack-internal:///(app-pages-browser)/./node_modules/.pnpm/next@15.5.18_react-dom@19.2.4_react@19.2.4__react@19.2.4/node_modules/next/dist/client/dev/hot-reloader/app/hot-reloader-app.js:196
[    7526ms] [LOG] [Fast Refresh] done in 19ms @ webpack-internal:///(app-pages-browser)/./node_modules/.pnpm/next@15.5.18_react-dom@19.2.4_react@19.2.4__react@19.2.4/node_modules/next/dist/client/dev/report-hmr-latency.js:13
[    7591ms] [LOG] [Fast Refresh] rebuilding @ webpack-internal:///(app-pages-browser)/./node_modules/.pnpm/next@15.5.18_react-dom@19.2.4_react@19.2.4__react@19.2.4/node_modules/next/dist/client/dev/hot-reloader/app/hot-reloader-app.js:196
[    7594ms] [LOG] [Fast Refresh] done in 4ms @ webpack-internal:///(app-pages-browser)/./node_modules/.pnpm/next@15.5.18_react-dom@19.2.4_react@19.2.4__react@19.2.4/node_modules/next/dist/client/dev/report-hmr-latency.js:13
[    7672ms] [LOG] [Fast Refresh] rebuilding @ webpack-internal:///(app-pages-browser)/./node_modules/.pnpm/next@15.5.18_react-dom@19.2.4_react@19.2.4__react@19.2.4/node_modules/next/dist/client/dev/hot-reloader/app/hot-reloader-app.js:196
[    7689ms] [LOG] [Fast Refresh] done in 18ms @ webpack-internal:///(app-pages-browser)/./node_modules/.pnpm/next@15.5.18_react-dom@19.2.4_react@19.2.4__react@19.2.4/node_modules/next/dist/client/dev/report-hmr-latency.js:13
[    7755ms] [LOG] [Fast Refresh] rebuilding @ webpack-internal:///(app-pages-browser)/./node_modules/.pnpm/next@15.5.18_react-dom@19.2.4_react@19.2.4__react@19.2.4/node_modules/next/dist/client/dev/hot-reloader/app/hot-reloader-app.js:196
[    7772ms] [LOG] [Fast Refresh] done in 18ms @ webpack-internal:///(app-pages-browser)/./node_modules/.pnpm/next@15.5.18_react-dom@19.2.4_react@19.2.4__react@19.2.4/node_modules/next/dist/client/dev/report-hmr-latency.js:13
[    7843ms] [LOG] [Fast Refresh] rebuilding @ webpack-internal:///(app-pages-browser)/./node_modules/.pnpm/next@15.5.18_react-dom@19.2.4_react@19.2.4__react@19.2.4/node_modules/next/dist/client/dev/hot-reloader/app/hot-reloader-app.js:196
[    7863ms] [LOG] [Fast Refresh] done in 20ms @ webpack-internal:///(app-pages-browser)/./node_modules/.pnpm/next@15.5.18_react-dom@19.2.4_react@19.2.4__react@19.2.4/node_modules/next/dist/client/dev/report-hmr-latency.js:13
[    7927ms] [LOG] [Fast Refresh] rebuilding @ webpack-internal:///(app-pages-browser)/./node_modules/.pnpm/next@15.5.18_react-dom@19.2.4_react@19.2.4__react@19.2.4/node_modules/next/dist/client/dev/hot-reloader/app/hot-reloader-app.js:196
[    7931ms] [LOG] [Fast Refresh] done in 4ms @ webpack-internal:///(app-pages-browser)/./node_modules/.pnpm/next@15.5.18_react-dom@19.2.4_react@19.2.4__react@19.2.4/node_modules/next/dist/client/dev/report-hmr-latency.js:13
[    8013ms] [LOG] [Fast Refresh] rebuilding @ webpack-internal:///(app-pages-browser)/./node_modules/.pnpm/next@15.5.18_react-dom@19.2.4_react@19.2.4__react@19.2.4/node_modules/next/dist/client/dev/hot-reloader/app/hot-reloader-app.js:196
[    8017ms] [LOG] [Fast Refresh] done in 4ms @ webpack-internal:///(app-pages-browser)/./node_modules/.pnpm/next@15.5.18_react-dom@19.2.4_react@19.2.4__react@19.2.4/node_modules/next/dist/client/dev/report-hmr-latency.js:13
[    8100ms] [LOG] [Fast Refresh] rebuilding @ webpack-internal:///(app-pages-browser)/./node_modules/.pnpm/next@15.5.18_react-dom@19.2.4_react@19.2.4__react@19.2.4/node_modules/next/dist/client/dev/hot-reloader/app/hot-reloader-app.js:196
[    8117ms] [LOG] [Fast Refresh] done in 17ms @ webpack-internal:///(app-pages-browser)/./node_modules/.pnpm/next@15.5.18_react-dom@19.2.4_react@19.2.4__react@19.2.4/node_modules/next/dist/client/dev/report-hmr-latency.js:13
[    8182ms] [LOG] [Fast Refresh] rebuilding @ webpack-internal:///(app-pages-browser)/./node_modules/.pnpm/next@15.5.18_react-dom@19.2.4_react@19.2.4__react@19.2.4/node_modules/next/dist/client/dev/hot-reloader/app/hot-reloader-app.js:196
[    8201ms] [LOG] [Fast Refresh] done in 19ms @ webpack-internal:///(app-pages-browser)/./node_modules/.pnpm/next@15.5.18_react-dom@19.2.4_react@19.2.4__react@19.2.4/node_modules/next/dist/client/dev/report-hmr-latency.js:13
[    8263ms] [LOG] [Fast Refresh] rebuilding @ webpack-internal:///(app-pages-browser)/./node_modules/.pnpm/next@15.5.18_react-dom@19.2.4_react@19.2.4__react@19.2.4/node_modules/next/dist/client/dev/hot-reloader/app/hot-reloader-app.js:196
[    8280ms] [LOG] [Fast Refresh] done in 18ms @ webpack-internal:///(app-pages-browser)/./node_modules/.pnpm/next@15.5.18_react-dom@19.2.4_react@19.2.4__react@19.2.4/node_modules/next/dist/client/dev/report-hmr-latency.js:13
[    8346ms] [LOG] [Fast Refresh] rebuilding @ webpack-internal:///(app-pages-browser)/./node_modules/.pnpm/next@15.5.18_react-dom@19.2.4_react@19.2.4__react@19.2.4/node_modules/next/dist/client/dev/hot-reloader/app/hot-reloader-app.js:196
[    8351ms] [LOG] [Fast Refresh] done in 4ms @ webpack-internal:///(app-pages-browser)/./node_modules/.pnpm/next@15.5.18_react-dom@19.2.4_react@19.2.4__react@19.2.4/node_modules/next/dist/client/dev/report-hmr-latency.js:13
[    8431ms] [LOG] [Fast Refresh] rebuilding @ webpack-internal:///(app-pages-browser)/./node_modules/.pnpm/next@15.5.18_react-dom@19.2.4_react@19.2.4__react@19.2.4/node_modules/next/dist/client/dev/hot-reloader/app/hot-reloader-app.js:196
[    8435ms] [LOG] [Fast Refresh] done in 4ms @ webpack-internal:///(app-pages-browser)/./node_modules/.pnpm/next@15.5.18_react-dom@19.2.4_react@19.2.4__react@19.2.4/node_modules/next/dist/client/dev/report-hmr-latency.js:13
[    8514ms] [LOG] [Fast Refresh] rebuilding @ webpack-internal:///(app-pages-browser)/./node_modules/.pnpm/next@15.5.18_react-dom@19.2.4_react@19.2.4__react@19.2.4/node_modules/next/dist/client/dev/hot-reloader/app/hot-reloader-app.js:196
[    8518ms] [LOG] [Fast Refresh] done in 4ms @ webpack-internal:///(app-pages-browser)/./node_modules/.pnpm/next@15.5.18_react-dom@19.2.4_react@19.2.4__react@19.2.4/node_modules/next/dist/client/dev/report-hmr-latency.js:13
[    8596ms] [LOG] [Fast Refresh] rebuilding @ webpack-internal:///(app-pages-browser)/./node_modules/.pnpm/next@15.5.18_react-dom@19.2.4_react@19.2.4__react@19.2.4/node_modules/next/dist/client/dev/hot-reloader/app/hot-reloader-app.js:196
[    8599ms] [LOG] [Fast Refresh] done in 4ms @ webpack-internal:///(app-pages-browser)/./node_modules/.pnpm/next@15.5.18_react-dom@19.2.4_react@19.2.4__react@19.2.4/node_modules/next/dist/client/dev/report-hmr-latency.js:13
[    8678ms] [LOG] [Fast Refresh] rebuilding @ webpack-internal:///(app-pages-browser)/./node_modules/.pnpm/next@15.5.18_react-dom@19.2.4_react@19.2.4__react@19.2.4/node_modules/next/dist/client/dev/hot-reloader/app/hot-reloader-app.js:196
[    8681ms] [LOG] [Fast Refresh] done in 4ms @ webpack-internal:///(app-pages-browser)/./node_modules/.pnpm/next@15.5.18_react-dom@19.2.4_react@19.2.4__react@19.2.4/node_modules/next/dist/client/dev/report-hmr-latency.js:13
[    8760ms] [LOG] [Fast Refresh] rebuilding @ webpack-internal:///(app-pages-browser)/./node_modules/.pnpm/next@15.5.18_react-dom@19.2.4_react@19.2.4__react@19.2.4/node_modules/next/dist/client/dev/hot-reloader/app/hot-reloader-app.js:196
[    8776ms] [LOG] [Fast Refresh] done in 16ms @ webpack-internal:///(app-pages-browser)/./node_modules/.pnpm/next@15.5.18_react-dom@19.2.4_react@19.2.4__react@19.2.4/node_modules/next/dist/client/dev/report-hmr-latency.js:13
[    8846ms] [LOG] [Fast Refresh] rebuilding @ webpack-internal:///(app-pages-browser)/./node_modules/.pnpm/next@15.5.18_react-dom@19.2.4_react@19.2.4__react@19.2.4/node_modules/next/dist/client/dev/hot-reloader/app/hot-reloader-app.js:196
[    8851ms] [LOG] [Fast Refresh] done in 5ms @ webpack-internal:///(app-pages-browser)/./node_modules/.pnpm/next@15.5.18_react-dom@19.2.4_react@19.2.4__react@19.2.4/node_modules/next/dist/client/dev/report-hmr-latency.js:13
[    8928ms] [LOG] [Fast Refresh] rebuilding @ webpack-internal:///(app-pages-browser)/./node_modules/.pnpm/next@15.5.18_react-dom@19.2.4_react@19.2.4__react@19.2.4/node_modules/next/dist/client/dev/hot-reloader/app/hot-reloader-app.js:196
[    8932ms] [LOG] [Fast Refresh] done in 3ms @ webpack-internal:///(app-pages-browser)/./node_modules/.pnpm/next@15.5.18_react-dom@19.2.4_react@19.2.4__react@19.2.4/node_modules/next/dist/client/dev/report-hmr-latency.js:13
[    9008ms] [LOG] [Fast Refresh] rebuilding @ webpack-internal:///(app-pages-browser)/./node_modules/.pnpm/next@15.5.18_react-dom@19.2.4_react@19.2.4__react@19.2.4/node_modules/next/dist/client/dev/hot-reloader/app/hot-reloader-app.js:196
[    9011ms] [LOG] [Fast Refresh] done in 4ms @ webpack-internal:///(app-pages-browser)/./node_modules/.pnpm/next@15.5.18_react-dom@19.2.4_react@19.2.4__react@19.2.4/node_modules/next/dist/client/dev/report-hmr-latency.js:13
[    9094ms] [LOG] [Fast Refresh] rebuilding @ webpack-internal:///(app-pages-browser)/./node_modules/.pnpm/next@15.5.18_react-dom@19.2.4_react@19.2.4__react@19.2.4/node_modules/next/dist/client/dev/hot-reloader/app/hot-reloader-app.js:196
[    9097ms] [LOG] [Fast Refresh] done in 3ms @ webpack-internal:///(app-pages-browser)/./node_modules/.pnpm/next@15.5.18_react-dom@19.2.4_react@19.2.4__react@19.2.4/node_modules/next/dist/client/dev/report-hmr-latency.js:13
[    9181ms] [LOG] [Fast Refresh] rebuilding @ webpack-internal:///(app-pages-browser)/./node_modules/.pnpm/next@15.5.18_react-dom@19.2.4_react@19.2.4__react@19.2.4/node_modules/next/dist/client/dev/hot-reloader/app/hot-reloader-app.js:196
[    9185ms] [LOG] [Fast Refresh] done in 5ms @ webpack-internal:///(app-pages-browser)/./node_modules/.pnpm/next@15.5.18_react-dom@19.2.4_react@19.2.4__react@19.2.4/node_modules/next/dist/client/dev/report-hmr-latency.js:13
[    9263ms] [LOG] [Fast Refresh] rebuilding @ webpack-internal:///(app-pages-browser)/./node_modules/.pnpm/next@15.5.18_react-dom@19.2.4_react@19.2.4__react@19.2.4/node_modules/next/dist/client/dev/hot-reloader/app/hot-reloader-app.js:196
[    9269ms] [LOG] [Fast Refresh] done in 6ms @ webpack-internal:///(app-pages-browser)/./node_modules/.pnpm/next@15.5.18_react-dom@19.2.4_react@19.2.4__react@19.2.4/node_modules/next/dist/client/dev/report-hmr-latency.js:13
[    9347ms] [LOG] [Fast Refresh] rebuilding @ webpack-internal:///(app-pages-browser)/./node_modules/.pnpm/next@15.5.18_react-dom@19.2.4_react@19.2.4__react@19.2.4/node_modules/next/dist/client/dev/hot-reloader/app/hot-reloader-app.js:196
[    9351ms] [LOG] [Fast Refresh] done in 4ms @ webpack-internal:///(app-pages-browser)/./node_modules/.pnpm/next@15.5.18_react-dom@19.2.4_react@19.2.4__react@19.2.4/node_modules/next/dist/client/dev/report-hmr-latency.js:13
[    9434ms] [LOG] [Fast Refresh] rebuilding @ webpack-internal:///(app-pages-browser)/./node_modules/.pnpm/next@15.5.18_react-dom@19.2.4_react@19.2.4__react@19.2.4/node_modules/next/dist/client/dev/hot-reloader/app/hot-reloader-app.js:196
[    9438ms] [LOG] [Fast Refresh] done in 4ms @ webpack-internal:///(app-pages-browser)/./node_modules/.pnpm/next@15.5.18_react-dom@19.2.4_react@19.2.4__react@19.2.4/node_modules/next/dist/client/dev/report-hmr-latency.js:13
[    9518ms] [LOG] [Fast Refresh] rebuilding @ webpack-internal:///(app-pages-browser)/./node_modules/.pnpm/next@15.5.18_react-dom@19.2.4_react@19.2.4__react@19.2.4/node_modules/next/dist/client/dev/hot-reloader/app/hot-reloader-app.js:196
[    9538ms] [LOG] [Fast Refresh] done in 19ms @ webpack-internal:///(app-pages-browser)/./node_modules/.pnpm/next@15.5.18_react-dom@19.2.4_react@19.2.4__react@19.2.4/node_modules/next/dist/client/dev/report-hmr-latency.js:13
[    9604ms] [LOG] [Fast Refresh] rebuilding @ webpack-internal:///(app-pages-browser)/./node_modules/.pnpm/next@15.5.18_react-dom@19.2.4_react@19.2.4__react@19.2.4/node_modules/next/dist/client/dev/hot-reloader/app/hot-reloader-app.js:196
[    9621ms] [LOG] [Fast Refresh] done in 17ms @ webpack-internal:///(app-pages-browser)/./node_modules/.pnpm/next@15.5.18_react-dom@19.2.4_react@19.2.4__react@19.2.4/node_modules/next/dist/client/dev/report-hmr-latency.js:13
[    9688ms] [LOG] [Fast Refresh] rebuilding @ webpack-internal:///(app-pages-browser)/./node_modules/.pnpm/next@15.5.18_react-dom@19.2.4_react@19.2.4__react@19.2.4/node_modules/next/dist/client/dev/hot-reloader/app/hot-reloader-app.js:196
[    9706ms] [LOG] [Fast Refresh] done in 19ms @ webpack-internal:///(app-pages-browser)/./node_modules/.pnpm/next@15.5.18_react-dom@19.2.4_react@19.2.4__react@19.2.4/node_modules/next/dist/client/dev/report-hmr-latency.js:13
[    9772ms] [LOG] [Fast Refresh] rebuilding @ webpack-internal:///(app-pages-browser)/./node_modules/.pnpm/next@15.5.18_react-dom@19.2.4_react@19.2.4__react@19.2.4/node_modules/next/dist/client/dev/hot-reloader/app/hot-reloader-app.js:196
[    9776ms] [LOG] [Fast Refresh] done in 3ms @ webpack-internal:///(app-pages-browser)/./node_modules/.pnpm/next@15.5.18_react-dom@19.2.4_react@19.2.4__react@19.2.4/node_modules/next/dist/client/dev/report-hmr-latency.js:13
[    9857ms] [LOG] [Fast Refresh] rebuilding @ webpack-internal:///(app-pages-browser)/./node_modules/.pnpm/next@15.5.18_react-dom@19.2.4_react@19.2.4__react@19.2.4/node_modules/next/dist/client/dev/hot-reloader/app/hot-reloader-app.js:196
[    9875ms] [LOG] [Fast Refresh] done in 17ms @ webpack-internal:///(app-pages-browser)/./node_modules/.pnpm/next@15.5.18_react-dom@19.2.4_react@19.2.4__react@19.2.4/node_modules/next/dist/client/dev/report-hmr-latency.js:13
[    9943ms] [LOG] [Fast Refresh] rebuilding @ webpack-internal:///(app-pages-browser)/./node_modules/.pnpm/next@15.5.18_react-dom@19.2.4_react@19.2.4__react@19.2.4/node_modules/next/dist/client/dev/hot-reloader/app/hot-reloader-app.js:196
[    9947ms] [LOG] [Fast Refresh] done in 4ms @ webpack-internal:///(app-pages-browser)/./node_modules/.pnpm/next@15.5.18_react-dom@19.2.4_react@19.2.4__react@19.2.4/node_modules/next/dist/client/dev/report-hmr-latency.js:13
[   10031ms] [LOG] [Fast Refresh] rebuilding @ webpack-internal:///(app-pages-browser)/./node_modules/.pnpm/next@15.5.18_react-dom@19.2.4_react@19.2.4__react@19.2.4/node_modules/next/dist/client/dev/hot-reloader/app/hot-reloader-app.js:196
[   10049ms] [LOG] [Fast Refresh] done in 18ms @ webpack-internal:///(app-pages-browser)/./node_modules/.pnpm/next@15.5.18_react-dom@19.2.4_react@19.2.4__react@19.2.4/node_modules/next/dist/client/dev/report-hmr-latency.js:13
[   10113ms] [LOG] [Fast Refresh] rebuilding @ webpack-internal:///(app-pages-browser)/./node_modules/.pnpm/next@15.5.18_react-dom@19.2.4_react@19.2.4__react@19.2.4/node_modules/next/dist/client/dev/hot-reloader/app/hot-reloader-app.js:196
[   10117ms] [LOG] [Fast Refresh] done in 4ms @ webpack-internal:///(app-pages-browser)/./node_modules/.pnpm/next@15.5.18_react-dom@19.2.4_react@19.2.4__react@19.2.4/node_modules/next/dist/client/dev/report-hmr-latency.js:13
[   10207ms] [LOG] [Fast Refresh] rebuilding @ webpack-internal:///(app-pages-browser)/./node_modules/.pnpm/next@15.5.18_react-dom@19.2.4_react@19.2.4__react@19.2.4/node_modules/next/dist/client/dev/hot-reloader/app/hot-reloader-app.js:196
[   10225ms] [LOG] [Fast Refresh] done in 19ms @ webpack-internal:///(app-pages-browser)/./node_modules/.pnpm/next@15.5.18_react-dom@19.2.4_react@19.2.4__react@19.2.4/node_modules/next/dist/client/dev/report-hmr-latency.js:13
[   10288ms] [LOG] [Fast Refresh] rebuilding @ webpack-internal:///(app-pages-browser)/./node_modules/.pnpm/next@15.5.18_react-dom@19.2.4_react@19.2.4__react@19.2.4/node_modules/next/dist/client/dev/hot-reloader/app/hot-reloader-app.js:196
[   10309ms] [LOG] [Fast Refresh] done in 21ms @ webpack-internal:///(app-pages-browser)/./node_modules/.pnpm/next@15.5.18_react-dom@19.2.4_react@19.2.4__react@19.2.4/node_modules/next/dist/client/dev/report-hmr-latency.js:13
[   10374ms] [LOG] [Fast Refresh] rebuilding @ webpack-internal:///(app-pages-browser)/./node_modules/.pnpm/next@15.5.18_react-dom@19.2.4_react@19.2.4__react@19.2.4/node_modules/next/dist/client/dev/hot-reloader/app/hot-reloader-app.js:196
[   10391ms] [LOG] [Fast Refresh] done in 17ms @ webpack-internal:///(app-pages-browser)/./node_modules/.pnpm/next@15.5.18_react-dom@19.2.4_react@19.2.4__react@19.2.4/node_modules/next/dist/client/dev/report-hmr-latency.js:13
[   10454ms] [LOG] [Fast Refresh] rebuilding @ webpack-internal:///(app-pages-browser)/./node_modules/.pnpm/next@15.5.18_react-dom@19.2.4_react@19.2.4__react@19.2.4/node_modules/next/dist/client/dev/hot-reloader/app/hot-reloader-app.js:196
[   10457ms] [LOG] [Fast Refresh] done in 3ms @ webpack-internal:///(app-pages-browser)/./node_modules/.pnpm/next@15.5.18_react-dom@19.2.4_react@19.2.4__react@19.2.4/node_modules/next/dist/client/dev/report-hmr-latency.js:13
[   10537ms] [LOG] [Fast Refresh] rebuilding @ webpack-internal:///(app-pages-browser)/./node_modules/.pnpm/next@15.5.18_react-dom@19.2.4_react@19.2.4__react@19.2.4/node_modules/next/dist/client/dev/hot-reloader/app/hot-reloader-app.js:196
[   10554ms] [LOG] [Fast Refresh] done in 16ms @ webpack-internal:///(app-pages-browser)/./node_modules/.pnpm/next@15.5.18_react-dom@19.2.4_react@19.2.4__react@19.2.4/node_modules/next/dist/client/dev/report-hmr-latency.js:13
[   10620ms] [LOG] [Fast Refresh] rebuilding @ webpack-internal:///(app-pages-browser)/./node_modules/.pnpm/next@15.5.18_react-dom@19.2.4_react@19.2.4__react@19.2.4/node_modules/next/dist/client/dev/hot-reloader/app/hot-reloader-app.js:196
[   10623ms] [LOG] [Fast Refresh] done in 3ms @ webpack-internal:///(app-pages-browser)/./node_modules/.pnpm/next@15.5.18_react-dom@19.2.4_react@19.2.4__react@19.2.4/node_modules/next/dist/client/dev/report-hmr-latency.js:13
[   10702ms] [LOG] [Fast Refresh] rebuilding @ webpack-internal:///(app-pages-browser)/./node_modules/.pnpm/next@15.5.18_react-dom@19.2.4_react@19.2.4__react@19.2.4/node_modules/next/dist/client/dev/hot-reloader/app/hot-reloader-app.js:196
[   10718ms] [LOG] [Fast Refresh] done in 15ms @ webpack-internal:///(app-pages-browser)/./node_modules/.pnpm/next@15.5.18_react-dom@19.2.4_react@19.2.4__react@19.2.4/node_modules/next/dist/client/dev/report-hmr-latency.js:13
[   10781ms] [LOG] [Fast Refresh] rebuilding @ webpack-internal:///(app-pages-browser)/./node_modules/.pnpm/next@15.5.18_react-dom@19.2.4_react@19.2.4__react@19.2.4/node_modules/next/dist/client/dev/hot-reloader/app/hot-reloader-app.js:196
[   10798ms] [LOG] [Fast Refresh] done in 17ms @ webpack-internal:///(app-pages-browser)/./node_modules/.pnpm/next@15.5.18_react-dom@19.2.4_react@19.2.4__react@19.2.4/node_modules/next/dist/client/dev/report-hmr-latency.js:13
[   10868ms] [LOG] [Fast Refresh] rebuilding @ webpack-internal:///(app-pages-browser)/./node_modules/.pnpm/next@15.5.18_react-dom@19.2.4_react@19.2.4__react@19.2.4/node_modules/next/dist/client/dev/hot-reloader/app/hot-reloader-app.js:196
[   10872ms] [LOG] [Fast Refresh] done in 3ms @ webpack-internal:///(app-pages-browser)/./node_modules/.pnpm/next@15.5.18_react-dom@19.2.4_react@19.2.4__react@19.2.4/node_modules/next/dist/client/dev/report-hmr-latency.js:13
[   11272ms] [LOG] [Fast Refresh] rebuilding @ webpack-internal:///(app-pages-browser)/./node_modules/.pnpm/next@15.5.18_react-dom@19.2.4_react@19.2.4__react@19.2.4/node_modules/next/dist/client/dev/hot-reloader/app/hot-reloader-app.js:196
[   11728ms] [LOG] [Fast Refresh] done in 457ms @ webpack-internal:///(app-pages-browser)/./node_modules/.pnpm/next@15.5.18_react-dom@19.2.4_react@19.2.4__react@19.2.4/node_modules/next/dist/client/dev/report-hmr-latency.js:13
[   11900ms] [LOG] [Fast Refresh] rebuilding @ webpack-internal:///(app-pages-browser)/./node_modules/.pnpm/next@15.5.18_react-dom@19.2.4_react@19.2.4__react@19.2.4/node_modules/next/dist/client/dev/hot-reloader/app/hot-reloader-app.js:196
[   11905ms] [LOG] [Fast Refresh] done in 4ms @ webpack-internal:///(app-pages-browser)/./node_modules/.pnpm/next@15.5.18_react-dom@19.2.4_react@19.2.4__react@19.2.4/node_modules/next/dist/client/dev/report-hmr-latency.js:13
[   12022ms] [LOG] [Fast Refresh] rebuilding @ webpack-internal:///(app-pages-browser)/./node_modules/.pnpm/next@15.5.18_react-dom@19.2.4_react@19.2.4__react@19.2.4/node_modules/next/dist/client/dev/hot-reloader/app/hot-reloader-app.js:196
[   12029ms] [LOG] [Fast Refresh] done in 6ms @ webpack-internal:///(app-pages-browser)/./node_modules/.pnpm/next@15.5.18_react-dom@19.2.4_react@19.2.4__react@19.2.4/node_modules/next/dist/client/dev/report-hmr-latency.js:13
[   12124ms] [LOG] [Fast Refresh] rebuilding @ webpack-internal:///(app-pages-browser)/./node_modules/.pnpm/next@15.5.18_react-dom@19.2.4_react@19.2.4__react@19.2.4/node_modules/next/dist/client/dev/hot-reloader/app/hot-reloader-app.js:196
[   12131ms] [LOG] [Fast Refresh] done in 8ms @ webpack-internal:///(app-pages-browser)/./node_modules/.pnpm/next@15.5.18_react-dom@19.2.4_react@19.2.4__react@19.2.4/node_modules/next/dist/client/dev/report-hmr-latency.js:13
[   12429ms] [LOG] [Fast Refresh] rebuilding @ webpack-internal:///(app-pages-browser)/./node_modules/.pnpm/next@15.5.18_react-dom@19.2.4_react@19.2.4__react@19.2.4/node_modules/next/dist/client/dev/hot-reloader/app/hot-reloader-app.js:196
[   12460ms] [LOG] [Fast Refresh] done in 31ms @ webpack-internal:///(app-pages-browser)/./node_modules/.pnpm/next@15.5.18_react-dom@19.2.4_react@19.2.4__react@19.2.4/node_modules/next/dist/client/dev/report-hmr-latency.js:13
[   12567ms] [LOG] [Fast Refresh] rebuilding @ webpack-internal:///(app-pages-browser)/./node_modules/.pnpm/next@15.5.18_react-dom@19.2.4_react@19.2.4__react@19.2.4/node_modules/next/dist/client/dev/hot-reloader/app/hot-reloader-app.js:196
[   12570ms] [LOG] [Fast Refresh] done in 3ms @ webpack-internal:///(app-pages-browser)/./node_modules/.pnpm/next@15.5.18_react-dom@19.2.4_react@19.2.4__react@19.2.4/node_modules/next/dist/client/dev/report-hmr-latency.js:13
[   12668ms] [LOG] [Fast Refresh] rebuilding @ webpack-internal:///(app-pages-browser)/./node_modules/.pnpm/next@15.5.18_react-dom@19.2.4_react@19.2.4__react@19.2.4/node_modules/next/dist/client/dev/hot-reloader/app/hot-reloader-app.js:196
[   12671ms] [LOG] [Fast Refresh] done in 4ms @ webpack-internal:///(app-pages-browser)/./node_modules/.pnpm/next@15.5.18_react-dom@19.2.4_react@19.2.4__react@19.2.4/node_modules/next/dist/client/dev/report-hmr-latency.js:13
[   12760ms] [LOG] [Fast Refresh] rebuilding @ webpack-internal:///(app-pages-browser)/./node_modules/.pnpm/next@15.5.18_react-dom@19.2.4_react@19.2.4__react@19.2.4/node_modules/next/dist/client/dev/hot-reloader/app/hot-reloader-app.js:196
[   12777ms] [LOG] [Fast Refresh] done in 17ms @ webpack-internal:///(app-pages-browser)/./node_modules/.pnpm/next@15.5.18_react-dom@19.2.4_react@19.2.4__react@19.2.4/node_modules/next/dist/client/dev/report-hmr-latency.js:13
[   12960ms] [LOG] [Fast Refresh] done in 200ms @ webpack-internal:///(app-pages-browser)/./node_modules/.pnpm/next@15.5.18_react-dom@19.2.4_react@19.2.4__react@19.2.4/node_modules/next/dist/client/dev/report-hmr-latency.js:13
[   12984ms] [LOG] [Fast Refresh] rebuilding @ webpack-internal:///(app-pages-browser)/./node_modules/.pnpm/next@15.5.18_react-dom@19.2.4_react@19.2.4__react@19.2.4/node_modules/next/dist/client/dev/hot-reloader/app/hot-reloader-app.js:196
[   13057ms] [LOG] [Fast Refresh] rebuilding @ webpack-internal:///(app-pages-browser)/./node_modules/.pnpm/next@15.5.18_react-dom@19.2.4_react@19.2.4__react@19.2.4/node_modules/next/dist/client/dev/hot-reloader/app/hot-reloader-app.js:196
[   13071ms] [LOG] [Fast Refresh] done in 15ms @ webpack-internal:///(app-pages-browser)/./node_modules/.pnpm/next@15.5.18_react-dom@19.2.4_react@19.2.4__react@19.2.4/node_modules/next/dist/client/dev/report-hmr-latency.js:13
[   13117ms] [LOG] [Fast Refresh] rebuilding @ webpack-internal:///(app-pages-browser)/./node_modules/.pnpm/next@15.5.18_react-dom@19.2.4_react@19.2.4__react@19.2.4/node_modules/next/dist/client/dev/hot-reloader/app/hot-reloader-app.js:196
[   13121ms] [LOG] [Fast Refresh] done in 3ms @ webpack-internal:///(app-pages-browser)/./node_modules/.pnpm/next@15.5.18_react-dom@19.2.4_react@19.2.4__react@19.2.4/node_modules/next/dist/client/dev/report-hmr-latency.js:13
[   13173ms] [ERROR] Failed to load resource: the server responded with a status of 500 (Internal Server Error) @ http://localhost:3000/login?_rsc=2DvR04nk5zSiS0_p:0
[   13207ms] [LOG] [Fast Refresh] rebuilding @ webpack-internal:///(app-pages-browser)/./node_modules/.pnpm/next@15.5.18_react-dom@19.2.4_react@19.2.4__react@19.2.4/node_modules/next/dist/client/dev/hot-reloader/app/hot-reloader-app.js:196
[   13210ms] [LOG] [Fast Refresh] done in 3ms @ webpack-internal:///(app-pages-browser)/./node_modules/.pnpm/next@15.5.18_react-dom@19.2.4_react@19.2.4__react@19.2.4/node_modules/next/dist/client/dev/report-hmr-latency.js:13
[   13358ms] [LOG] [Fast Refresh] rebuilding @ webpack-internal:///(app-pages-browser)/./node_modules/.pnpm/next@15.5.18_react-dom@19.2.4_react@19.2.4__react@19.2.4/node_modules/next/dist/client/dev/hot-reloader/app/hot-reloader-app.js:196
[   13375ms] [LOG] [Fast Refresh] done in 18ms @ webpack-internal:///(app-pages-browser)/./node_modules/.pnpm/next@15.5.18_react-dom@19.2.4_react@19.2.4__react@19.2.4/node_modules/next/dist/client/dev/report-hmr-latency.js:13
[   13442ms] [LOG] [Fast Refresh] rebuilding @ webpack-internal:///(app-pages-browser)/./node_modules/.pnpm/next@15.5.18_react-dom@19.2.4_react@19.2.4__react@19.2.4/node_modules/next/dist/client/dev/hot-reloader/app/hot-reloader-app.js:196
[   13460ms] [LOG] [Fast Refresh] done in 17ms @ webpack-internal:///(app-pages-browser)/./node_modules/.pnpm/next@15.5.18_react-dom@19.2.4_react@19.2.4__react@19.2.4/node_modules/next/dist/client/dev/report-hmr-latency.js:13
[   13528ms] [LOG] [Fast Refresh] rebuilding @ webpack-internal:///(app-pages-browser)/./node_modules/.pnpm/next@15.5.18_react-dom@19.2.4_react@19.2.4__react@19.2.4/node_modules/next/dist/client/dev/hot-reloader/app/hot-reloader-app.js:196
[   13545ms] [LOG] [Fast Refresh] done in 18ms @ webpack-internal:///(app-pages-browser)/./node_modules/.pnpm/next@15.5.18_react-dom@19.2.4_react@19.2.4__react@19.2.4/node_modules/next/dist/client/dev/report-hmr-latency.js:13
[   13611ms] [LOG] [Fast Refresh] rebuilding @ webpack-internal:///(app-pages-browser)/./node_modules/.pnpm/next@15.5.18_react-dom@19.2.4_react@19.2.4__react@19.2.4/node_modules/next/dist/client/dev/hot-reloader/app/hot-reloader-app.js:196
[   13632ms] [LOG] [Fast Refresh] done in 21ms @ webpack-internal:///(app-pages-browser)/./node_modules/.pnpm/next@15.5.18_react-dom@19.2.4_react@19.2.4__react@19.2.4/node_modules/next/dist/client/dev/report-hmr-latency.js:13
[   13697ms] [LOG] [Fast Refresh] rebuilding @ webpack-internal:///(app-pages-browser)/./node_modules/.pnpm/next@15.5.18_react-dom@19.2.4_react@19.2.4__react@19.2.4/node_modules/next/dist/client/dev/hot-reloader/app/hot-reloader-app.js:196
[   13700ms] [LOG] [Fast Refresh] done in 4ms @ webpack-internal:///(app-pages-browser)/./node_modules/.pnpm/next@15.5.18_react-dom@19.2.4_react@19.2.4__react@19.2.4/node_modules/next/dist/client/dev/report-hmr-latency.js:13
[   13782ms] [LOG] [Fast Refresh] rebuilding @ webpack-internal:///(app-pages-browser)/./node_modules/.pnpm/next@15.5.18_react-dom@19.2.4_react@19.2.4__react@19.2.4/node_modules/next/dist/client/dev/hot-reloader/app/hot-reloader-app.js:196
[   13786ms] [LOG] [Fast Refresh] done in 4ms @ webpack-internal:///(app-pages-browser)/./node_modules/.pnpm/next@15.5.18_react-dom@19.2.4_react@19.2.4__react@19.2.4/node_modules/next/dist/client/dev/report-hmr-latency.js:13
[   13873ms] [LOG] [Fast Refresh] rebuilding @ webpack-internal:///(app-pages-browser)/./node_modules/.pnpm/next@15.5.18_react-dom@19.2.4_react@19.2.4__react@19.2.4/node_modules/next/dist/client/dev/hot-reloader/app/hot-reloader-app.js:196
[   13892ms] [LOG] [Fast Refresh] done in 19ms @ webpack-internal:///(app-pages-browser)/./node_modules/.pnpm/next@15.5.18_react-dom@19.2.4_react@19.2.4__react@19.2.4/node_modules/next/dist/client/dev/report-hmr-latency.js:13
[   13962ms] [LOG] [Fast Refresh] rebuilding @ webpack-internal:///(app-pages-browser)/./node_modules/.pnpm/next@15.5.18_react-dom@19.2.4_react@19.2.4__react@19.2.4/node_modules/next/dist/client/dev/hot-reloader/app/hot-reloader-app.js:196
[   13984ms] [LOG] [Fast Refresh] done in 23ms @ webpack-internal:///(app-pages-browser)/./node_modules/.pnpm/next@15.5.18_react-dom@19.2.4_react@19.2.4__react@19.2.4/node_modules/next/dist/client/dev/report-hmr-latency.js:13
[   14046ms] [LOG] [Fast Refresh] rebuilding @ webpack-internal:///(app-pages-browser)/./node_modules/.pnpm/next@15.5.18_react-dom@19.2.4_react@19.2.4__react@19.2.4/node_modules/next/dist/client/dev/hot-reloader/app/hot-reloader-app.js:196
[   14067ms] [LOG] [Fast Refresh] done in 22ms @ webpack-internal:///(app-pages-browser)/./node_modules/.pnpm/next@15.5.18_react-dom@19.2.4_react@19.2.4__react@19.2.4/node_modules/next/dist/client/dev/report-hmr-latency.js:13
[   14133ms] [LOG] [Fast Refresh] rebuilding @ webpack-internal:///(app-pages-browser)/./node_modules/.pnpm/next@15.5.18_react-dom@19.2.4_react@19.2.4__react@19.2.4/node_modules/next/dist/client/dev/hot-reloader/app/hot-reloader-app.js:196
[   14150ms] [LOG] [Fast Refresh] done in 18ms @ webpack-internal:///(app-pages-browser)/./node_modules/.pnpm/next@15.5.18_react-dom@19.2.4_react@19.2.4__react@19.2.4/node_modules/next/dist/client/dev/report-hmr-latency.js:13
[   14217ms] [LOG] [Fast Refresh] rebuilding @ webpack-internal:///(app-pages-browser)/./node_modules/.pnpm/next@15.5.18_react-dom@19.2.4_react@19.2.4__react@19.2.4/node_modules/next/dist/client/dev/hot-reloader/app/hot-reloader-app.js:196
[   14234ms] [LOG] [Fast Refresh] done in 17ms @ webpack-internal:///(app-pages-browser)/./node_modules/.pnpm/next@15.5.18_react-dom@19.2.4_react@19.2.4__react@19.2.4/node_modules/next/dist/client/dev/report-hmr-latency.js:13
[   14305ms] [LOG] [Fast Refresh] rebuilding @ webpack-internal:///(app-pages-browser)/./node_modules/.pnpm/next@15.5.18_react-dom@19.2.4_react@19.2.4__react@19.2.4/node_modules/next/dist/client/dev/hot-reloader/app/hot-reloader-app.js:196
[   14309ms] [LOG] [Fast Refresh] done in 3ms @ webpack-internal:///(app-pages-browser)/./node_modules/.pnpm/next@15.5.18_react-dom@19.2.4_react@19.2.4__react@19.2.4/node_modules/next/dist/client/dev/report-hmr-latency.js:13
[   14420ms] [LOG] [Fast Refresh] rebuilding @ webpack-internal:///(app-pages-browser)/./node_modules/.pnpm/next@15.5.18_react-dom@19.2.4_react@19.2.4__react@19.2.4/node_modules/next/dist/client/dev/hot-reloader/app/hot-reloader-app.js:196
[   14438ms] [LOG] [Fast Refresh] done in 19ms @ webpack-internal:///(app-pages-browser)/./node_modules/.pnpm/next@15.5.18_react-dom@19.2.4_react@19.2.4__react@19.2.4/node_modules/next/dist/client/dev/report-hmr-latency.js:13
[   14506ms] [LOG] [Fast Refresh] rebuilding @ webpack-internal:///(app-pages-browser)/./node_modules/.pnpm/next@15.5.18_react-dom@19.2.4_react@19.2.4__react@19.2.4/node_modules/next/dist/client/dev/hot-reloader/app/hot-reloader-app.js:196
[   14523ms] [LOG] [Fast Refresh] done in 17ms @ webpack-internal:///(app-pages-browser)/./node_modules/.pnpm/next@15.5.18_react-dom@19.2.4_react@19.2.4__react@19.2.4/node_modules/next/dist/client/dev/report-hmr-latency.js:13
[   14596ms] [LOG] [Fast Refresh] rebuilding @ webpack-internal:///(app-pages-browser)/./node_modules/.pnpm/next@15.5.18_react-dom@19.2.4_react@19.2.4__react@19.2.4/node_modules/next/dist/client/dev/hot-reloader/app/hot-reloader-app.js:196
[   14622ms] [LOG] [Fast Refresh] done in 26ms @ webpack-internal:///(app-pages-browser)/./node_modules/.pnpm/next@15.5.18_react-dom@19.2.4_react@19.2.4__react@19.2.4/node_modules/next/dist/client/dev/report-hmr-latency.js:13
[   14717ms] [LOG] [Fast Refresh] rebuilding @ webpack-internal:///(app-pages-browser)/./node_modules/.pnpm/next@15.5.18_react-dom@19.2.4_react@19.2.4__react@19.2.4/node_modules/next/dist/client/dev/hot-reloader/app/hot-reloader-app.js:196
[   14720ms] [LOG] [Fast Refresh] done in 4ms @ webpack-internal:///(app-pages-browser)/./node_modules/.pnpm/next@15.5.18_react-dom@19.2.4_react@19.2.4__react@19.2.4/node_modules/next/dist/client/dev/report-hmr-latency.js:13
[   14833ms] [LOG] [Fast Refresh] rebuilding @ webpack-internal:///(app-pages-browser)/./node_modules/.pnpm/next@15.5.18_react-dom@19.2.4_react@19.2.4__react@19.2.4/node_modules/next/dist/client/dev/hot-reloader/app/hot-reloader-app.js:196
[   14836ms] [LOG] [Fast Refresh] done in 4ms @ webpack-internal:///(app-pages-browser)/./node_modules/.pnpm/next@15.5.18_react-dom@19.2.4_react@19.2.4__react@19.2.4/node_modules/next/dist/client/dev/report-hmr-latency.js:13
[   14923ms] [LOG] [Fast Refresh] rebuilding @ webpack-internal:///(app-pages-browser)/./node_modules/.pnpm/next@15.5.18_react-dom@19.2.4_react@19.2.4__react@19.2.4/node_modules/next/dist/client/dev/hot-reloader/app/hot-reloader-app.js:196
[   14927ms] [LOG] [Fast Refresh] done in 4ms @ webpack-internal:///(app-pages-browser)/./node_modules/.pnpm/next@15.5.18_react-dom@19.2.4_react@19.2.4__react@19.2.4/node_modules/next/dist/client/dev/report-hmr-latency.js:13
[   15015ms] [LOG] [Fast Refresh] rebuilding @ webpack-internal:///(app-pages-browser)/./node_modules/.pnpm/next@15.5.18_react-dom@19.2.4_react@19.2.4__react@19.2.4/node_modules/next/dist/client/dev/hot-reloader/app/hot-reloader-app.js:196
[   15030ms] [LOG] [Fast Refresh] done in 15ms @ webpack-internal:///(app-pages-browser)/./node_modules/.pnpm/next@15.5.18_react-dom@19.2.4_react@19.2.4__react@19.2.4/node_modules/next/dist/client/dev/report-hmr-latency.js:13
[   15085ms] [LOG] [Fast Refresh] rebuilding @ webpack-internal:///(app-pages-browser)/./node_modules/.pnpm/next@15.5.18_react-dom@19.2.4_react@19.2.4__react@19.2.4/node_modules/next/dist/client/dev/hot-reloader/app/hot-reloader-app.js:196
[   15120ms] [LOG] [Fast Refresh] done in 35ms @ webpack-internal:///(app-pages-browser)/./node_modules/.pnpm/next@15.5.18_react-dom@19.2.4_react@19.2.4__react@19.2.4/node_modules/next/dist/client/dev/report-hmr-latency.js:13
[   15179ms] [LOG] [Fast Refresh] rebuilding @ webpack-internal:///(app-pages-browser)/./node_modules/.pnpm/next@15.5.18_react-dom@19.2.4_react@19.2.4__react@19.2.4/node_modules/next/dist/client/dev/hot-reloader/app/hot-reloader-app.js:196
[   15203ms] [LOG] [Fast Refresh] done in 25ms @ webpack-internal:///(app-pages-browser)/./node_modules/.pnpm/next@15.5.18_react-dom@19.2.4_react@19.2.4__react@19.2.4/node_modules/next/dist/client/dev/report-hmr-latency.js:13
[   15260ms] [LOG] [Fast Refresh] rebuilding @ webpack-internal:///(app-pages-browser)/./node_modules/.pnpm/next@15.5.18_react-dom@19.2.4_react@19.2.4__react@19.2.4/node_modules/next/dist/client/dev/hot-reloader/app/hot-reloader-app.js:196
[   15292ms] [LOG] [Fast Refresh] done in 31ms @ webpack-internal:///(app-pages-browser)/./node_modules/.pnpm/next@15.5.18_react-dom@19.2.4_react@19.2.4__react@19.2.4/node_modules/next/dist/client/dev/report-hmr-latency.js:13
[   15369ms] [LOG] [Fast Refresh] rebuilding @ webpack-internal:///(app-pages-browser)/./node_modules/.pnpm/next@15.5.18_react-dom@19.2.4_react@19.2.4__react@19.2.4/node_modules/next/dist/client/dev/hot-reloader/app/hot-reloader-app.js:196
[   15392ms] [LOG] [Fast Refresh] done in 24ms @ webpack-internal:///(app-pages-browser)/./node_modules/.pnpm/next@15.5.18_react-dom@19.2.4_react@19.2.4__react@19.2.4/node_modules/next/dist/client/dev/report-hmr-latency.js:13
[   15453ms] [LOG] [Fast Refresh] rebuilding @ webpack-internal:///(app-pages-browser)/./node_modules/.pnpm/next@15.5.18_react-dom@19.2.4_react@19.2.4__react@19.2.4/node_modules/next/dist/client/dev/hot-reloader/app/hot-reloader-app.js:196
[   15478ms] [LOG] [Fast Refresh] done in 25ms @ webpack-internal:///(app-pages-browser)/./node_modules/.pnpm/next@15.5.18_react-dom@19.2.4_react@19.2.4__react@19.2.4/node_modules/next/dist/client/dev/report-hmr-latency.js:13
[   15552ms] [LOG] [Fast Refresh] rebuilding @ webpack-internal:///(app-pages-browser)/./node_modules/.pnpm/next@15.5.18_react-dom@19.2.4_react@19.2.4__react@19.2.4/node_modules/next/dist/client/dev/hot-reloader/app/hot-reloader-app.js:196
[   15586ms] [LOG] [Fast Refresh] done in 34ms @ webpack-internal:///(app-pages-browser)/./node_modules/.pnpm/next@15.5.18_react-dom@19.2.4_react@19.2.4__react@19.2.4/node_modules/next/dist/client/dev/report-hmr-latency.js:13
[   15651ms] [LOG] [Fast Refresh] rebuilding @ webpack-internal:///(app-pages-browser)/./node_modules/.pnpm/next@15.5.18_react-dom@19.2.4_react@19.2.4__react@19.2.4/node_modules/next/dist/client/dev/hot-reloader/app/hot-reloader-app.js:196
[   15675ms] [LOG] [Fast Refresh] done in 24ms @ webpack-internal:///(app-pages-browser)/./node_modules/.pnpm/next@15.5.18_react-dom@19.2.4_react@19.2.4__react@19.2.4/node_modules/next/dist/client/dev/report-hmr-latency.js:13
[   15735ms] [LOG] [Fast Refresh] rebuilding @ webpack-internal:///(app-pages-browser)/./node_modules/.pnpm/next@15.5.18_react-dom@19.2.4_react@19.2.4__react@19.2.4/node_modules/next/dist/client/dev/hot-reloader/app/hot-reloader-app.js:196
[   15738ms] [LOG] [Fast Refresh] done in 3ms @ webpack-internal:///(app-pages-browser)/./node_modules/.pnpm/next@15.5.18_react-dom@19.2.4_react@19.2.4__react@19.2.4/node_modules/next/dist/client/dev/report-hmr-latency.js:13
[   15864ms] [LOG] [Fast Refresh] rebuilding @ webpack-internal:///(app-pages-browser)/./node_modules/.pnpm/next@15.5.18_react-dom@19.2.4_react@19.2.4__react@19.2.4/node_modules/next/dist/client/dev/hot-reloader/app/hot-reloader-app.js:196
[   15901ms] [LOG] [Fast Refresh] done in 37ms @ webpack-internal:///(app-pages-browser)/./node_modules/.pnpm/next@15.5.18_react-dom@19.2.4_react@19.2.4__react@19.2.4/node_modules/next/dist/client/dev/report-hmr-latency.js:13
[   15963ms] [LOG] [Fast Refresh] rebuilding @ webpack-internal:///(app-pages-browser)/./node_modules/.pnpm/next@15.5.18_react-dom@19.2.4_react@19.2.4__react@19.2.4/node_modules/next/dist/client/dev/hot-reloader/app/hot-reloader-app.js:196
[   15967ms] [LOG] [Fast Refresh] done in 4ms @ webpack-internal:///(app-pages-browser)/./node_modules/.pnpm/next@15.5.18_react-dom@19.2.4_react@19.2.4__react@19.2.4/node_modules/next/dist/client/dev/report-hmr-latency.js:13
[   16054ms] [LOG] [Fast Refresh] rebuilding @ webpack-internal:///(app-pages-browser)/./node_modules/.pnpm/next@15.5.18_react-dom@19.2.4_react@19.2.4__react@19.2.4/node_modules/next/dist/client/dev/hot-reloader/app/hot-reloader-app.js:196
[   16085ms] [LOG] [Fast Refresh] done in 32ms @ webpack-internal:///(app-pages-browser)/./node_modules/.pnpm/next@15.5.18_react-dom@19.2.4_react@19.2.4__react@19.2.4/node_modules/next/dist/client/dev/report-hmr-latency.js:13
[   16314ms] [LOG] [Fast Refresh] rebuilding @ webpack-internal:///(app-pages-browser)/./node_modules/.pnpm/next@15.5.18_react-dom@19.2.4_react@19.2.4__react@19.2.4/node_modules/next/dist/client/dev/hot-reloader/app/hot-reloader-app.js:196
[   16340ms] [LOG] [Fast Refresh] done in 25ms @ webpack-internal:///(app-pages-browser)/./node_modules/.pnpm/next@15.5.18_react-dom@19.2.4_react@19.2.4__react@19.2.4/node_modules/next/dist/client/dev/report-hmr-latency.js:13
[   16521ms] [LOG] [Fast Refresh] rebuilding @ webpack-internal:///(app-pages-browser)/./node_modules/.pnpm/next@15.5.18_react-dom@19.2.4_react@19.2.4__react@19.2.4/node_modules/next/dist/client/dev/hot-reloader/app/hot-reloader-app.js:196
[   16525ms] [LOG] [Fast Refresh] done in 4ms @ webpack-internal:///(app-pages-browser)/./node_modules/.pnpm/next@15.5.18_react-dom@19.2.4_react@19.2.4__react@19.2.4/node_modules/next/dist/client/dev/report-hmr-latency.js:13
[   16636ms] [LOG] [Fast Refresh] rebuilding @ webpack-internal:///(app-pages-browser)/./node_modules/.pnpm/next@15.5.18_react-dom@19.2.4_react@19.2.4__react@19.2.4/node_modules/next/dist/client/dev/hot-reloader/app/hot-reloader-app.js:196
[   16640ms] [LOG] [Fast Refresh] done in 3ms @ webpack-internal:///(app-pages-browser)/./node_modules/.pnpm/next@15.5.18_react-dom@19.2.4_react@19.2.4__react@19.2.4/node_modules/next/dist/client/dev/report-hmr-latency.js:13
[   16749ms] [LOG] [Fast Refresh] rebuilding @ webpack-internal:///(app-pages-browser)/./node_modules/.pnpm/next@15.5.18_react-dom@19.2.4_react@19.2.4__react@19.2.4/node_modules/next/dist/client/dev/hot-reloader/app/hot-reloader-app.js:196
[   16768ms] [LOG] [Fast Refresh] done in 19ms @ webpack-internal:///(app-pages-browser)/./node_modules/.pnpm/next@15.5.18_react-dom@19.2.4_react@19.2.4__react@19.2.4/node_modules/next/dist/client/dev/report-hmr-latency.js:13
[   16846ms] [LOG] [Fast Refresh] rebuilding @ webpack-internal:///(app-pages-browser)/./node_modules/.pnpm/next@15.5.18_react-dom@19.2.4_react@19.2.4__react@19.2.4/node_modules/next/dist/client/dev/hot-reloader/app/hot-reloader-app.js:196
[   16860ms] [LOG] [Fast Refresh] done in 14ms @ webpack-internal:///(app-pages-browser)/./node_modules/.pnpm/next@15.5.18_react-dom@19.2.4_react@19.2.4__react@19.2.4/node_modules/next/dist/client/dev/report-hmr-latency.js:13
[   16941ms] [LOG] [Fast Refresh] rebuilding @ webpack-internal:///(app-pages-browser)/./node_modules/.pnpm/next@15.5.18_react-dom@19.2.4_react@19.2.4__react@19.2.4/node_modules/next/dist/client/dev/hot-reloader/app/hot-reloader-app.js:196
[   16960ms] [LOG] [Fast Refresh] done in 20ms @ webpack-internal:///(app-pages-browser)/./node_modules/.pnpm/next@15.5.18_react-dom@19.2.4_react@19.2.4__react@19.2.4/node_modules/next/dist/client/dev/report-hmr-latency.js:13
[   17044ms] [LOG] [Fast Refresh] rebuilding @ webpack-internal:///(app-pages-browser)/./node_modules/.pnpm/next@15.5.18_react-dom@19.2.4_react@19.2.4__react@19.2.4/node_modules/next/dist/client/dev/hot-reloader/app/hot-reloader-app.js:196
[   17065ms] [LOG] [Fast Refresh] done in 21ms @ webpack-internal:///(app-pages-browser)/./node_modules/.pnpm/next@15.5.18_react-dom@19.2.4_react@19.2.4__react@19.2.4/node_modules/next/dist/client/dev/report-hmr-latency.js:13
[   17134ms] [LOG] [Fast Refresh] rebuilding @ webpack-internal:///(app-pages-browser)/./node_modules/.pnpm/next@15.5.18_react-dom@19.2.4_react@19.2.4__react@19.2.4/node_modules/next/dist/client/dev/hot-reloader/app/hot-reloader-app.js:196
[   17138ms] [LOG] [Fast Refresh] done in 3ms @ webpack-internal:///(app-pages-browser)/./node_modules/.pnpm/next@15.5.18_react-dom@19.2.4_react@19.2.4__react@19.2.4/node_modules/next/dist/client/dev/report-hmr-latency.js:13
[   17228ms] [LOG] [Fast Refresh] rebuilding @ webpack-internal:///(app-pages-browser)/./node_modules/.pnpm/next@15.5.18_react-dom@19.2.4_react@19.2.4__react@19.2.4/node_modules/next/dist/client/dev/hot-reloader/app/hot-reloader-app.js:196
[   17248ms] [LOG] [Fast Refresh] done in 19ms @ webpack-internal:///(app-pages-browser)/./node_modules/.pnpm/next@15.5.18_react-dom@19.2.4_react@19.2.4__react@19.2.4/node_modules/next/dist/client/dev/report-hmr-latency.js:13
[   17317ms] [LOG] [Fast Refresh] rebuilding @ webpack-internal:///(app-pages-browser)/./node_modules/.pnpm/next@15.5.18_react-dom@19.2.4_react@19.2.4__react@19.2.4/node_modules/next/dist/client/dev/hot-reloader/app/hot-reloader-app.js:196
[   17333ms] [LOG] [Fast Refresh] done in 16ms @ webpack-internal:///(app-pages-browser)/./node_modules/.pnpm/next@15.5.18_react-dom@19.2.4_react@19.2.4__react@19.2.4/node_modules/next/dist/client/dev/report-hmr-latency.js:13
[   17400ms] [LOG] [Fast Refresh] rebuilding @ webpack-internal:///(app-pages-browser)/./node_modules/.pnpm/next@15.5.18_react-dom@19.2.4_react@19.2.4__react@19.2.4/node_modules/next/dist/client/dev/hot-reloader/app/hot-reloader-app.js:196
[   17417ms] [LOG] [Fast Refresh] done in 17ms @ webpack-internal:///(app-pages-browser)/./node_modules/.pnpm/next@15.5.18_react-dom@19.2.4_react@19.2.4__react@19.2.4/node_modules/next/dist/client/dev/report-hmr-latency.js:13
[   17484ms] [LOG] [Fast Refresh] rebuilding @ webpack-internal:///(app-pages-browser)/./node_modules/.pnpm/next@15.5.18_react-dom@19.2.4_react@19.2.4__react@19.2.4/node_modules/next/dist/client/dev/hot-reloader/app/hot-reloader-app.js:196
[   17504ms] [LOG] [Fast Refresh] done in 19ms @ webpack-internal:///(app-pages-browser)/./node_modules/.pnpm/next@15.5.18_react-dom@19.2.4_react@19.2.4__react@19.2.4/node_modules/next/dist/client/dev/report-hmr-latency.js:13
[   17568ms] [LOG] [Fast Refresh] rebuilding @ webpack-internal:///(app-pages-browser)/./node_modules/.pnpm/next@15.5.18_react-dom@19.2.4_react@19.2.4__react@19.2.4/node_modules/next/dist/client/dev/hot-reloader/app/hot-reloader-app.js:196
[   17585ms] [LOG] [Fast Refresh] done in 17ms @ webpack-internal:///(app-pages-browser)/./node_modules/.pnpm/next@15.5.18_react-dom@19.2.4_react@19.2.4__react@19.2.4/node_modules/next/dist/client/dev/report-hmr-latency.js:13
[   17651ms] [LOG] [Fast Refresh] rebuilding @ webpack-internal:///(app-pages-browser)/./node_modules/.pnpm/next@15.5.18_react-dom@19.2.4_react@19.2.4__react@19.2.4/node_modules/next/dist/client/dev/hot-reloader/app/hot-reloader-app.js:196
[   17653ms] [LOG] [Fast Refresh] done in 3ms @ webpack-internal:///(app-pages-browser)/./node_modules/.pnpm/next@15.5.18_react-dom@19.2.4_react@19.2.4__react@19.2.4/node_modules/next/dist/client/dev/report-hmr-latency.js:13
[   17733ms] [LOG] [Fast Refresh] rebuilding @ webpack-internal:///(app-pages-browser)/./node_modules/.pnpm/next@15.5.18_react-dom@19.2.4_react@19.2.4__react@19.2.4/node_modules/next/dist/client/dev/hot-reloader/app/hot-reloader-app.js:196
[   17749ms] [LOG] [Fast Refresh] done in 17ms @ webpack-internal:///(app-pages-browser)/./node_modules/.pnpm/next@15.5.18_react-dom@19.2.4_react@19.2.4__react@19.2.4/node_modules/next/dist/client/dev/report-hmr-latency.js:13
[   17821ms] [LOG] [Fast Refresh] rebuilding @ webpack-internal:///(app-pages-browser)/./node_modules/.pnpm/next@15.5.18_react-dom@19.2.4_react@19.2.4__react@19.2.4/node_modules/next/dist/client/dev/hot-reloader/app/hot-reloader-app.js:196
[   17837ms] [LOG] [Fast Refresh] done in 17ms @ webpack-internal:///(app-pages-browser)/./node_modules/.pnpm/next@15.5.18_react-dom@19.2.4_react@19.2.4__react@19.2.4/node_modules/next/dist/client/dev/report-hmr-latency.js:13
[   17900ms] [LOG] [Fast Refresh] rebuilding @ webpack-internal:///(app-pages-browser)/./node_modules/.pnpm/next@15.5.18_react-dom@19.2.4_react@19.2.4__react@19.2.4/node_modules/next/dist/client/dev/hot-reloader/app/hot-reloader-app.js:196
[   17920ms] [LOG] [Fast Refresh] done in 20ms @ webpack-internal:///(app-pages-browser)/./node_modules/.pnpm/next@15.5.18_react-dom@19.2.4_react@19.2.4__react@19.2.4/node_modules/next/dist/client/dev/report-hmr-latency.js:13
[   18004ms] [LOG] [Fast Refresh] rebuilding @ webpack-internal:///(app-pages-browser)/./node_modules/.pnpm/next@15.5.18_react-dom@19.2.4_react@19.2.4__react@19.2.4/node_modules/next/dist/client/dev/hot-reloader/app/hot-reloader-app.js:196
[   18021ms] [LOG] [Fast Refresh] done in 17ms @ webpack-internal:///(app-pages-browser)/./node_modules/.pnpm/next@15.5.18_react-dom@19.2.4_react@19.2.4__react@19.2.4/node_modules/next/dist/client/dev/report-hmr-latency.js:13
[   18109ms] [LOG] [Fast Refresh] rebuilding @ webpack-internal:///(app-pages-browser)/./node_modules/.pnpm/next@15.5.18_react-dom@19.2.4_react@19.2.4__react@19.2.4/node_modules/next/dist/client/dev/hot-reloader/app/hot-reloader-app.js:196
[   18113ms] [LOG] [Fast Refresh] done in 3ms @ webpack-internal:///(app-pages-browser)/./node_modules/.pnpm/next@15.5.18_react-dom@19.2.4_react@19.2.4__react@19.2.4/node_modules/next/dist/client/dev/report-hmr-latency.js:13
[   18203ms] [LOG] [Fast Refresh] rebuilding @ webpack-internal:///(app-pages-browser)/./node_modules/.pnpm/next@15.5.18_react-dom@19.2.4_react@19.2.4__react@19.2.4/node_modules/next/dist/client/dev/hot-reloader/app/hot-reloader-app.js:196
[   18206ms] [LOG] [Fast Refresh] done in 4ms @ webpack-internal:///(app-pages-browser)/./node_modules/.pnpm/next@15.5.18_react-dom@19.2.4_react@19.2.4__react@19.2.4/node_modules/next/dist/client/dev/report-hmr-latency.js:13
[   18287ms] [LOG] [Fast Refresh] rebuilding @ webpack-internal:///(app-pages-browser)/./node_modules/.pnpm/next@15.5.18_react-dom@19.2.4_react@19.2.4__react@19.2.4/node_modules/next/dist/client/dev/hot-reloader/app/hot-reloader-app.js:196
[   18305ms] [LOG] [Fast Refresh] done in 18ms @ webpack-internal:///(app-pages-browser)/./node_modules/.pnpm/next@15.5.18_react-dom@19.2.4_react@19.2.4__react@19.2.4/node_modules/next/dist/client/dev/report-hmr-latency.js:13
[   18372ms] [LOG] [Fast Refresh] rebuilding @ webpack-internal:///(app-pages-browser)/./node_modules/.pnpm/next@15.5.18_react-dom@19.2.4_react@19.2.4__react@19.2.4/node_modules/next/dist/client/dev/hot-reloader/app/hot-reloader-app.js:196
[   18389ms] [LOG] [Fast Refresh] done in 18ms @ webpack-internal:///(app-pages-browser)/./node_modules/.pnpm/next@15.5.18_react-dom@19.2.4_react@19.2.4__react@19.2.4/node_modules/next/dist/client/dev/report-hmr-latency.js:13
[   18451ms] [LOG] [Fast Refresh] rebuilding @ webpack-internal:///(app-pages-browser)/./node_modules/.pnpm/next@15.5.18_react-dom@19.2.4_react@19.2.4__react@19.2.4/node_modules/next/dist/client/dev/hot-reloader/app/hot-reloader-app.js:196
[   18454ms] [LOG] [Fast Refresh] done in 4ms @ webpack-internal:///(app-pages-browser)/./node_modules/.pnpm/next@15.5.18_react-dom@19.2.4_react@19.2.4__react@19.2.4/node_modules/next/dist/client/dev/report-hmr-latency.js:13
[   18543ms] [LOG] [Fast Refresh] rebuilding @ webpack-internal:///(app-pages-browser)/./node_modules/.pnpm/next@15.5.18_react-dom@19.2.4_react@19.2.4__react@19.2.4/node_modules/next/dist/client/dev/hot-reloader/app/hot-reloader-app.js:196
[   18559ms] [LOG] [Fast Refresh] done in 17ms @ webpack-internal:///(app-pages-browser)/./node_modules/.pnpm/next@15.5.18_react-dom@19.2.4_react@19.2.4__react@19.2.4/node_modules/next/dist/client/dev/report-hmr-latency.js:13
[   18625ms] [LOG] [Fast Refresh] rebuilding @ webpack-internal:///(app-pages-browser)/./node_modules/.pnpm/next@15.5.18_react-dom@19.2.4_react@19.2.4__react@19.2.4/node_modules/next/dist/client/dev/hot-reloader/app/hot-reloader-app.js:196
[   18629ms] [LOG] [Fast Refresh] done in 3ms @ webpack-internal:///(app-pages-browser)/./node_modules/.pnpm/next@15.5.18_react-dom@19.2.4_react@19.2.4__react@19.2.4/node_modules/next/dist/client/dev/report-hmr-latency.js:13
[   18709ms] [LOG] [Fast Refresh] rebuilding @ webpack-internal:///(app-pages-browser)/./node_modules/.pnpm/next@15.5.18_react-dom@19.2.4_react@19.2.4__react@19.2.4/node_modules/next/dist/client/dev/hot-reloader/app/hot-reloader-app.js:196
[   18727ms] [LOG] [Fast Refresh] done in 19ms @ webpack-internal:///(app-pages-browser)/./node_modules/.pnpm/next@15.5.18_react-dom@19.2.4_react@19.2.4__react@19.2.4/node_modules/next/dist/client/dev/report-hmr-latency.js:13
[   18799ms] [LOG] [Fast Refresh] rebuilding @ webpack-internal:///(app-pages-browser)/./node_modules/.pnpm/next@15.5.18_react-dom@19.2.4_react@19.2.4__react@19.2.4/node_modules/next/dist/client/dev/hot-reloader/app/hot-reloader-app.js:196
[   18817ms] [LOG] [Fast Refresh] done in 18ms @ webpack-internal:///(app-pages-browser)/./node_modules/.pnpm/next@15.5.18_react-dom@19.2.4_react@19.2.4__react@19.2.4/node_modules/next/dist/client/dev/report-hmr-latency.js:13
[   18888ms] [LOG] [Fast Refresh] rebuilding @ webpack-internal:///(app-pages-browser)/./node_modules/.pnpm/next@15.5.18_react-dom@19.2.4_react@19.2.4__react@19.2.4/node_modules/next/dist/client/dev/hot-reloader/app/hot-reloader-app.js:196
[   18893ms] [LOG] [Fast Refresh] done in 5ms @ webpack-internal:///(app-pages-browser)/./node_modules/.pnpm/next@15.5.18_react-dom@19.2.4_react@19.2.4__react@19.2.4/node_modules/next/dist/client/dev/report-hmr-latency.js:13
[   18971ms] [LOG] [Fast Refresh] rebuilding @ webpack-internal:///(app-pages-browser)/./node_modules/.pnpm/next@15.5.18_react-dom@19.2.4_react@19.2.4__react@19.2.4/node_modules/next/dist/client/dev/hot-reloader/app/hot-reloader-app.js:196
[   18975ms] [LOG] [Fast Refresh] done in 4ms @ webpack-internal:///(app-pages-browser)/./node_modules/.pnpm/next@15.5.18_react-dom@19.2.4_react@19.2.4__react@19.2.4/node_modules/next/dist/client/dev/report-hmr-latency.js:13
[   19057ms] [LOG] [Fast Refresh] rebuilding @ webpack-internal:///(app-pages-browser)/./node_modules/.pnpm/next@15.5.18_react-dom@19.2.4_react@19.2.4__react@19.2.4/node_modules/next/dist/client/dev/hot-reloader/app/hot-reloader-app.js:196
[   19074ms] [LOG] [Fast Refresh] done in 16ms @ webpack-internal:///(app-pages-browser)/./node_modules/.pnpm/next@15.5.18_react-dom@19.2.4_react@19.2.4__react@19.2.4/node_modules/next/dist/client/dev/report-hmr-latency.js:13
[   19140ms] [LOG] [Fast Refresh] rebuilding @ webpack-internal:///(app-pages-browser)/./node_modules/.pnpm/next@15.5.18_react-dom@19.2.4_react@19.2.4__react@19.2.4/node_modules/next/dist/client/dev/hot-reloader/app/hot-reloader-app.js:196
[   19144ms] [LOG] [Fast Refresh] done in 4ms @ webpack-internal:///(app-pages-browser)/./node_modules/.pnpm/next@15.5.18_react-dom@19.2.4_react@19.2.4__react@19.2.4/node_modules/next/dist/client/dev/report-hmr-latency.js:13
[   19232ms] [LOG] [Fast Refresh] rebuilding @ webpack-internal:///(app-pages-browser)/./node_modules/.pnpm/next@15.5.18_react-dom@19.2.4_react@19.2.4__react@19.2.4/node_modules/next/dist/client/dev/hot-reloader/app/hot-reloader-app.js:196
[   19249ms] [LOG] [Fast Refresh] done in 17ms @ webpack-internal:///(app-pages-browser)/./node_modules/.pnpm/next@15.5.18_react-dom@19.2.4_react@19.2.4__react@19.2.4/node_modules/next/dist/client/dev/report-hmr-latency.js:13
[   19317ms] [LOG] [Fast Refresh] rebuilding @ webpack-internal:///(app-pages-browser)/./node_modules/.pnpm/next@15.5.18_react-dom@19.2.4_react@19.2.4__react@19.2.4/node_modules/next/dist/client/dev/hot-reloader/app/hot-reloader-app.js:196
[   19336ms] [LOG] [Fast Refresh] done in 18ms @ webpack-internal:///(app-pages-browser)/./node_modules/.pnpm/next@15.5.18_react-dom@19.2.4_react@19.2.4__react@19.2.4/node_modules/next/dist/client/dev/report-hmr-latency.js:13
[   19405ms] [LOG] [Fast Refresh] rebuilding @ webpack-internal:///(app-pages-browser)/./node_modules/.pnpm/next@15.5.18_react-dom@19.2.4_react@19.2.4__react@19.2.4/node_modules/next/dist/client/dev/hot-reloader/app/hot-reloader-app.js:196
[   19408ms] [LOG] [Fast Refresh] done in 3ms @ webpack-internal:///(app-pages-browser)/./node_modules/.pnpm/next@15.5.18_react-dom@19.2.4_react@19.2.4__react@19.2.4/node_modules/next/dist/client/dev/report-hmr-latency.js:13
[   19488ms] [LOG] [Fast Refresh] rebuilding @ webpack-internal:///(app-pages-browser)/./node_modules/.pnpm/next@15.5.18_react-dom@19.2.4_react@19.2.4__react@19.2.4/node_modules/next/dist/client/dev/hot-reloader/app/hot-reloader-app.js:196
[   19507ms] [LOG] [Fast Refresh] done in 18ms @ webpack-internal:///(app-pages-browser)/./node_modules/.pnpm/next@15.5.18_react-dom@19.2.4_react@19.2.4__react@19.2.4/node_modules/next/dist/client/dev/report-hmr-latency.js:13
[   19577ms] [LOG] [Fast Refresh] rebuilding @ webpack-internal:///(app-pages-browser)/./node_modules/.pnpm/next@15.5.18_react-dom@19.2.4_react@19.2.4__react@19.2.4/node_modules/next/dist/client/dev/hot-reloader/app/hot-reloader-app.js:196
[   19580ms] [LOG] [Fast Refresh] done in 4ms @ webpack-internal:///(app-pages-browser)/./node_modules/.pnpm/next@15.5.18_react-dom@19.2.4_react@19.2.4__react@19.2.4/node_modules/next/dist/client/dev/report-hmr-latency.js:13
[   19671ms] [LOG] [Fast Refresh] rebuilding @ webpack-internal:///(app-pages-browser)/./node_modules/.pnpm/next@15.5.18_react-dom@19.2.4_react@19.2.4__react@19.2.4/node_modules/next/dist/client/dev/hot-reloader/app/hot-reloader-app.js:196
[   19689ms] [LOG] [Fast Refresh] done in 18ms @ webpack-internal:///(app-pages-browser)/./node_modules/.pnpm/next@15.5.18_react-dom@19.2.4_react@19.2.4__react@19.2.4/node_modules/next/dist/client/dev/report-hmr-latency.js:13
[   19758ms] [LOG] [Fast Refresh] rebuilding @ webpack-internal:///(app-pages-browser)/./node_modules/.pnpm/next@15.5.18_react-dom@19.2.4_react@19.2.4__react@19.2.4/node_modules/next/dist/client/dev/hot-reloader/app/hot-reloader-app.js:196
[   19775ms] [LOG] [Fast Refresh] done in 17ms @ webpack-internal:///(app-pages-browser)/./node_modules/.pnpm/next@15.5.18_react-dom@19.2.4_react@19.2.4__react@19.2.4/node_modules/next/dist/client/dev/report-hmr-latency.js:13
[   19850ms] [LOG] [Fast Refresh] rebuilding @ webpack-internal:///(app-pages-browser)/./node_modules/.pnpm/next@15.5.18_react-dom@19.2.4_react@19.2.4__react@19.2.4/node_modules/next/dist/client/dev/hot-reloader/app/hot-reloader-app.js:196
[   19868ms] [LOG] [Fast Refresh] done in 18ms @ webpack-internal:///(app-pages-browser)/./node_modules/.pnpm/next@15.5.18_react-dom@19.2.4_react@19.2.4__react@19.2.4/node_modules/next/dist/client/dev/report-hmr-latency.js:13
[   19953ms] [LOG] [Fast Refresh] rebuilding @ webpack-internal:///(app-pages-browser)/./node_modules/.pnpm/next@15.5.18_react-dom@19.2.4_react@19.2.4__react@19.2.4/node_modules/next/dist/client/dev/hot-reloader/app/hot-reloader-app.js:196
[   19957ms] [LOG] [Fast Refresh] done in 4ms @ webpack-internal:///(app-pages-browser)/./node_modules/.pnpm/next@15.5.18_react-dom@19.2.4_react@19.2.4__react@19.2.4/node_modules/next/dist/client/dev/report-hmr-latency.js:13
[   20037ms] [LOG] [Fast Refresh] rebuilding @ webpack-internal:///(app-pages-browser)/./node_modules/.pnpm/next@15.5.18_react-dom@19.2.4_react@19.2.4__react@19.2.4/node_modules/next/dist/client/dev/hot-reloader/app/hot-reloader-app.js:196
[   20040ms] [LOG] [Fast Refresh] done in 4ms @ webpack-internal:///(app-pages-browser)/./node_modules/.pnpm/next@15.5.18_react-dom@19.2.4_react@19.2.4__react@19.2.4/node_modules/next/dist/client/dev/report-hmr-latency.js:13
[   20124ms] [LOG] [Fast Refresh] rebuilding @ webpack-internal:///(app-pages-browser)/./node_modules/.pnpm/next@15.5.18_react-dom@19.2.4_react@19.2.4__react@19.2.4/node_modules/next/dist/client/dev/hot-reloader/app/hot-reloader-app.js:196
[   20142ms] [LOG] [Fast Refresh] done in 17ms @ webpack-internal:///(app-pages-browser)/./node_modules/.pnpm/next@15.5.18_react-dom@19.2.4_react@19.2.4__react@19.2.4/node_modules/next/dist/client/dev/report-hmr-latency.js:13
[   20206ms] [LOG] [Fast Refresh] rebuilding @ webpack-internal:///(app-pages-browser)/./node_modules/.pnpm/next@15.5.18_react-dom@19.2.4_react@19.2.4__react@19.2.4/node_modules/next/dist/client/dev/hot-reloader/app/hot-reloader-app.js:196
[   20225ms] [LOG] [Fast Refresh] done in 18ms @ webpack-internal:///(app-pages-browser)/./node_modules/.pnpm/next@15.5.18_react-dom@19.2.4_react@19.2.4__react@19.2.4/node_modules/next/dist/client/dev/report-hmr-latency.js:13
[   20294ms] [LOG] [Fast Refresh] rebuilding @ webpack-internal:///(app-pages-browser)/./node_modules/.pnpm/next@15.5.18_react-dom@19.2.4_react@19.2.4__react@19.2.4/node_modules/next/dist/client/dev/hot-reloader/app/hot-reloader-app.js:196
[   20312ms] [LOG] [Fast Refresh] done in 17ms @ webpack-internal:///(app-pages-browser)/./node_modules/.pnpm/next@15.5.18_react-dom@19.2.4_react@19.2.4__react@19.2.4/node_modules/next/dist/client/dev/report-hmr-latency.js:13
[   20379ms] [LOG] [Fast Refresh] rebuilding @ webpack-internal:///(app-pages-browser)/./node_modules/.pnpm/next@15.5.18_react-dom@19.2.4_react@19.2.4__react@19.2.4/node_modules/next/dist/client/dev/hot-reloader/app/hot-reloader-app.js:196
[   20383ms] [LOG] [Fast Refresh] done in 3ms @ webpack-internal:///(app-pages-browser)/./node_modules/.pnpm/next@15.5.18_react-dom@19.2.4_react@19.2.4__react@19.2.4/node_modules/next/dist/client/dev/report-hmr-latency.js:13
[   20463ms] [LOG] [Fast Refresh] rebuilding @ webpack-internal:///(app-pages-browser)/./node_modules/.pnpm/next@15.5.18_react-dom@19.2.4_react@19.2.4__react@19.2.4/node_modules/next/dist/client/dev/hot-reloader/app/hot-reloader-app.js:196
[   20467ms] [LOG] [Fast Refresh] done in 5ms @ webpack-internal:///(app-pages-browser)/./node_modules/.pnpm/next@15.5.18_react-dom@19.2.4_react@19.2.4__react@19.2.4/node_modules/next/dist/client/dev/report-hmr-latency.js:13
[   20562ms] [LOG] [Fast Refresh] rebuilding @ webpack-internal:///(app-pages-browser)/./node_modules/.pnpm/next@15.5.18_react-dom@19.2.4_react@19.2.4__react@19.2.4/node_modules/next/dist/client/dev/hot-reloader/app/hot-reloader-app.js:196
[   20580ms] [LOG] [Fast Refresh] done in 19ms @ webpack-internal:///(app-pages-browser)/./node_modules/.pnpm/next@15.5.18_react-dom@19.2.4_react@19.2.4__react@19.2.4/node_modules/next/dist/client/dev/report-hmr-latency.js:13
[   20640ms] [LOG] [Fast Refresh] rebuilding @ webpack-internal:///(app-pages-browser)/./node_modules/.pnpm/next@15.5.18_react-dom@19.2.4_react@19.2.4__react@19.2.4/node_modules/next/dist/client/dev/hot-reloader/app/hot-reloader-app.js:196
[   20643ms] [LOG] [Fast Refresh] done in 3ms @ webpack-internal:///(app-pages-browser)/./node_modules/.pnpm/next@15.5.18_react-dom@19.2.4_react@19.2.4__react@19.2.4/node_modules/next/dist/client/dev/report-hmr-latency.js:13
[   20722ms] [LOG] [Fast Refresh] rebuilding @ webpack-internal:///(app-pages-browser)/./node_modules/.pnpm/next@15.5.18_react-dom@19.2.4_react@19.2.4__react@19.2.4/node_modules/next/dist/client/dev/hot-reloader/app/hot-reloader-app.js:196
[   20738ms] [LOG] [Fast Refresh] done in 16ms @ webpack-internal:///(app-pages-browser)/./node_modules/.pnpm/next@15.5.18_react-dom@19.2.4_react@19.2.4__react@19.2.4/node_modules/next/dist/client/dev/report-hmr-latency.js:13
[   20800ms] [LOG] [Fast Refresh] rebuilding @ webpack-internal:///(app-pages-browser)/./node_modules/.pnpm/next@15.5.18_react-dom@19.2.4_react@19.2.4__react@19.2.4/node_modules/next/dist/client/dev/hot-reloader/app/hot-reloader-app.js:196
[   20817ms] [LOG] [Fast Refresh] done in 16ms @ webpack-internal:///(app-pages-browser)/./node_modules/.pnpm/next@15.5.18_react-dom@19.2.4_react@19.2.4__react@19.2.4/node_modules/next/dist/client/dev/report-hmr-latency.js:13
[   20884ms] [LOG] [Fast Refresh] rebuilding @ webpack-internal:///(app-pages-browser)/./node_modules/.pnpm/next@15.5.18_react-dom@19.2.4_react@19.2.4__react@19.2.4/node_modules/next/dist/client/dev/hot-reloader/app/hot-reloader-app.js:196
[   20888ms] [LOG] [Fast Refresh] done in 5ms @ webpack-internal:///(app-pages-browser)/./node_modules/.pnpm/next@15.5.18_react-dom@19.2.4_react@19.2.4__react@19.2.4/node_modules/next/dist/client/dev/report-hmr-latency.js:13
[   20979ms] [LOG] [Fast Refresh] rebuilding @ webpack-internal:///(app-pages-browser)/./node_modules/.pnpm/next@15.5.18_react-dom@19.2.4_react@19.2.4__react@19.2.4/node_modules/next/dist/client/dev/hot-reloader/app/hot-reloader-app.js:196
[   20989ms] [LOG] [Fast Refresh] done in 10ms @ webpack-internal:///(app-pages-browser)/./node_modules/.pnpm/next@15.5.18_react-dom@19.2.4_react@19.2.4__react@19.2.4/node_modules/next/dist/client/dev/report-hmr-latency.js:13
[   21068ms] [LOG] [Fast Refresh] rebuilding @ webpack-internal:///(app-pages-browser)/./node_modules/.pnpm/next@15.5.18_react-dom@19.2.4_react@19.2.4__react@19.2.4/node_modules/next/dist/client/dev/hot-reloader/app/hot-reloader-app.js:196
[   21071ms] [LOG] [Fast Refresh] done in 3ms @ webpack-internal:///(app-pages-browser)/./node_modules/.pnpm/next@15.5.18_react-dom@19.2.4_react@19.2.4__react@19.2.4/node_modules/next/dist/client/dev/report-hmr-latency.js:13
[   21172ms] [LOG] [Fast Refresh] rebuilding @ webpack-internal:///(app-pages-browser)/./node_modules/.pnpm/next@15.5.18_react-dom@19.2.4_react@19.2.4__react@19.2.4/node_modules/next/dist/client/dev/hot-reloader/app/hot-reloader-app.js:196
[   21182ms] [LOG] [Fast Refresh] done in 11ms @ webpack-internal:///(app-pages-browser)/./node_modules/.pnpm/next@15.5.18_react-dom@19.2.4_react@19.2.4__react@19.2.4/node_modules/next/dist/client/dev/report-hmr-latency.js:13
[   21280ms] [LOG] [Fast Refresh] rebuilding @ webpack-internal:///(app-pages-browser)/./node_modules/.pnpm/next@15.5.18_react-dom@19.2.4_react@19.2.4__react@19.2.4/node_modules/next/dist/client/dev/hot-reloader/app/hot-reloader-app.js:196
[   21284ms] [LOG] [Fast Refresh] done in 4ms @ webpack-internal:///(app-pages-browser)/./node_modules/.pnpm/next@15.5.18_react-dom@19.2.4_react@19.2.4__react@19.2.4/node_modules/next/dist/client/dev/report-hmr-latency.js:13
[   21372ms] [LOG] [Fast Refresh] rebuilding @ webpack-internal:///(app-pages-browser)/./node_modules/.pnpm/next@15.5.18_react-dom@19.2.4_react@19.2.4__react@19.2.4/node_modules/next/dist/client/dev/hot-reloader/app/hot-reloader-app.js:196
[   21376ms] [LOG] [Fast Refresh] done in 4ms @ webpack-internal:///(app-pages-browser)/./node_modules/.pnpm/next@15.5.18_react-dom@19.2.4_react@19.2.4__react@19.2.4/node_modules/next/dist/client/dev/report-hmr-latency.js:13
[   21472ms] [LOG] [Fast Refresh] rebuilding @ webpack-internal:///(app-pages-browser)/./node_modules/.pnpm/next@15.5.18_react-dom@19.2.4_react@19.2.4__react@19.2.4/node_modules/next/dist/client/dev/hot-reloader/app/hot-reloader-app.js:196
[   21476ms] [LOG] [Fast Refresh] done in 5ms @ webpack-internal:///(app-pages-browser)/./node_modules/.pnpm/next@15.5.18_react-dom@19.2.4_react@19.2.4__react@19.2.4/node_modules/next/dist/client/dev/report-hmr-latency.js:13
[   21561ms] [LOG] [Fast Refresh] rebuilding @ webpack-internal:///(app-pages-browser)/./node_modules/.pnpm/next@15.5.18_react-dom@19.2.4_react@19.2.4__react@19.2.4/node_modules/next/dist/client/dev/hot-reloader/app/hot-reloader-app.js:196
[   21566ms] [LOG] [Fast Refresh] done in 5ms @ webpack-internal:///(app-pages-browser)/./node_modules/.pnpm/next@15.5.18_react-dom@19.2.4_react@19.2.4__react@19.2.4/node_modules/next/dist/client/dev/report-hmr-latency.js:13
[   21643ms] [LOG] [Fast Refresh] rebuilding @ webpack-internal:///(app-pages-browser)/./node_modules/.pnpm/next@15.5.18_react-dom@19.2.4_react@19.2.4__react@19.2.4/node_modules/next/dist/client/dev/hot-reloader/app/hot-reloader-app.js:196
[   21650ms] [LOG] [Fast Refresh] done in 7ms @ webpack-internal:///(app-pages-browser)/./node_modules/.pnpm/next@15.5.18_react-dom@19.2.4_react@19.2.4__react@19.2.4/node_modules/next/dist/client/dev/report-hmr-latency.js:13
[   21723ms] [LOG] [Fast Refresh] rebuilding @ webpack-internal:///(app-pages-browser)/./node_modules/.pnpm/next@15.5.18_react-dom@19.2.4_react@19.2.4__react@19.2.4/node_modules/next/dist/client/dev/hot-reloader/app/hot-reloader-app.js:196
[   21728ms] [LOG] [Fast Refresh] done in 4ms @ webpack-internal:///(app-pages-browser)/./node_modules/.pnpm/next@15.5.18_react-dom@19.2.4_react@19.2.4__react@19.2.4/node_modules/next/dist/client/dev/report-hmr-latency.js:13
[   21808ms] [LOG] [Fast Refresh] rebuilding @ webpack-internal:///(app-pages-browser)/./node_modules/.pnpm/next@15.5.18_react-dom@19.2.4_react@19.2.4__react@19.2.4/node_modules/next/dist/client/dev/hot-reloader/app/hot-reloader-app.js:196
[   21813ms] [LOG] [Fast Refresh] done in 4ms @ webpack-internal:///(app-pages-browser)/./node_modules/.pnpm/next@15.5.18_react-dom@19.2.4_react@19.2.4__react@19.2.4/node_modules/next/dist/client/dev/report-hmr-latency.js:13
[   21900ms] [LOG] [Fast Refresh] rebuilding @ webpack-internal:///(app-pages-browser)/./node_modules/.pnpm/next@15.5.18_react-dom@19.2.4_react@19.2.4__react@19.2.4/node_modules/next/dist/client/dev/hot-reloader/app/hot-reloader-app.js:196
[   21905ms] [LOG] [Fast Refresh] done in 4ms @ webpack-internal:///(app-pages-browser)/./node_modules/.pnpm/next@15.5.18_react-dom@19.2.4_react@19.2.4__react@19.2.4/node_modules/next/dist/client/dev/report-hmr-latency.js:13
[   21988ms] [LOG] [Fast Refresh] rebuilding @ webpack-internal:///(app-pages-browser)/./node_modules/.pnpm/next@15.5.18_react-dom@19.2.4_react@19.2.4__react@19.2.4/node_modules/next/dist/client/dev/hot-reloader/app/hot-reloader-app.js:196
[   21991ms] [LOG] [Fast Refresh] done in 4ms @ webpack-internal:///(app-pages-browser)/./node_modules/.pnpm/next@15.5.18_react-dom@19.2.4_react@19.2.4__react@19.2.4/node_modules/next/dist/client/dev/report-hmr-latency.js:13
[   22076ms] [LOG] [Fast Refresh] rebuilding @ webpack-internal:///(app-pages-browser)/./node_modules/.pnpm/next@15.5.18_react-dom@19.2.4_react@19.2.4__react@19.2.4/node_modules/next/dist/client/dev/hot-reloader/app/hot-reloader-app.js:196
[   22083ms] [LOG] [Fast Refresh] done in 8ms @ webpack-internal:///(app-pages-browser)/./node_modules/.pnpm/next@15.5.18_react-dom@19.2.4_react@19.2.4__react@19.2.4/node_modules/next/dist/client/dev/report-hmr-latency.js:13
[   22158ms] [LOG] [Fast Refresh] rebuilding @ webpack-internal:///(app-pages-browser)/./node_modules/.pnpm/next@15.5.18_react-dom@19.2.4_react@19.2.4__react@19.2.4/node_modules/next/dist/client/dev/hot-reloader/app/hot-reloader-app.js:196
[   22160ms] [LOG] [Fast Refresh] done in 3ms @ webpack-internal:///(app-pages-browser)/./node_modules/.pnpm/next@15.5.18_react-dom@19.2.4_react@19.2.4__react@19.2.4/node_modules/next/dist/client/dev/report-hmr-latency.js:13
[   22238ms] [LOG] [Fast Refresh] rebuilding @ webpack-internal:///(app-pages-browser)/./node_modules/.pnpm/next@15.5.18_react-dom@19.2.4_react@19.2.4__react@19.2.4/node_modules/next/dist/client/dev/hot-reloader/app/hot-reloader-app.js:196
[   22247ms] [LOG] [Fast Refresh] done in 9ms @ webpack-internal:///(app-pages-browser)/./node_modules/.pnpm/next@15.5.18_react-dom@19.2.4_react@19.2.4__react@19.2.4/node_modules/next/dist/client/dev/report-hmr-latency.js:13
[   22432ms] [LOG] [Fast Refresh] done in 194ms @ webpack-internal:///(app-pages-browser)/./node_modules/.pnpm/next@15.5.18_react-dom@19.2.4_react@19.2.4__react@19.2.4/node_modules/next/dist/client/dev/report-hmr-latency.js:13
[   22460ms] [LOG] [Fast Refresh] rebuilding @ webpack-internal:///(app-pages-browser)/./node_modules/.pnpm/next@15.5.18_react-dom@19.2.4_react@19.2.4__react@19.2.4/node_modules/next/dist/client/dev/hot-reloader/app/hot-reloader-app.js:196
[   22523ms] [LOG] [Fast Refresh] rebuilding @ webpack-internal:///(app-pages-browser)/./node_modules/.pnpm/next@15.5.18_react-dom@19.2.4_react@19.2.4__react@19.2.4/node_modules/next/dist/client/dev/hot-reloader/app/hot-reloader-app.js:196
[   22526ms] [LOG] [Fast Refresh] done in 2ms @ webpack-internal:///(app-pages-browser)/./node_modules/.pnpm/next@15.5.18_react-dom@19.2.4_react@19.2.4__react@19.2.4/node_modules/next/dist/client/dev/report-hmr-latency.js:13
[   22590ms] [LOG] [Fast Refresh] rebuilding @ webpack-internal:///(app-pages-browser)/./node_modules/.pnpm/next@15.5.18_react-dom@19.2.4_react@19.2.4__react@19.2.4/node_modules/next/dist/client/dev/hot-reloader/app/hot-reloader-app.js:196
[   22592ms] [LOG] [Fast Refresh] done in 3ms @ webpack-internal:///(app-pages-browser)/./node_modules/.pnpm/next@15.5.18_react-dom@19.2.4_react@19.2.4__react@19.2.4/node_modules/next/dist/client/dev/report-hmr-latency.js:13
[   22637ms] [ERROR] Failed to load resource: the server responded with a status of 500 (Internal Server Error) @ http://localhost:3000/login?_rsc=2DvR04nk5zSiS0_p:0
[   22676ms] [LOG] [Fast Refresh] rebuilding @ webpack-internal:///(app-pages-browser)/./node_modules/.pnpm/next@15.5.18_react-dom@19.2.4_react@19.2.4__react@19.2.4/node_modules/next/dist/client/dev/hot-reloader/app/hot-reloader-app.js:196
[   22759ms] [LOG] [Fast Refresh] done in 82ms @ webpack-internal:///(app-pages-browser)/./node_modules/.pnpm/next@15.5.18_react-dom@19.2.4_react@19.2.4__react@19.2.4/node_modules/next/dist/client/dev/report-hmr-latency.js:13
[   22818ms] [LOG] [Fast Refresh] rebuilding @ webpack-internal:///(app-pages-browser)/./node_modules/.pnpm/next@15.5.18_react-dom@19.2.4_react@19.2.4__react@19.2.4/node_modules/next/dist/client/dev/hot-reloader/app/hot-reloader-app.js:196
[   22835ms] [LOG] [Fast Refresh] done in 16ms @ webpack-internal:///(app-pages-browser)/./node_modules/.pnpm/next@15.5.18_react-dom@19.2.4_react@19.2.4__react@19.2.4/node_modules/next/dist/client/dev/report-hmr-latency.js:13
[   22902ms] [LOG] [Fast Refresh] rebuilding @ webpack-internal:///(app-pages-browser)/./node_modules/.pnpm/next@15.5.18_react-dom@19.2.4_react@19.2.4__react@19.2.4/node_modules/next/dist/client/dev/hot-reloader/app/hot-reloader-app.js:196
[   22906ms] [LOG] [Fast Refresh] done in 3ms @ webpack-internal:///(app-pages-browser)/./node_modules/.pnpm/next@15.5.18_react-dom@19.2.4_react@19.2.4__react@19.2.4/node_modules/next/dist/client/dev/report-hmr-latency.js:13
[   22987ms] [LOG] [Fast Refresh] rebuilding @ webpack-internal:///(app-pages-browser)/./node_modules/.pnpm/next@15.5.18_react-dom@19.2.4_react@19.2.4__react@19.2.4/node_modules/next/dist/client/dev/hot-reloader/app/hot-reloader-app.js:196
[   22991ms] [LOG] [Fast Refresh] done in 3ms @ webpack-internal:///(app-pages-browser)/./node_modules/.pnpm/next@15.5.18_react-dom@19.2.4_react@19.2.4__react@19.2.4/node_modules/next/dist/client/dev/report-hmr-latency.js:13
[   23072ms] [LOG] [Fast Refresh] rebuilding @ webpack-internal:///(app-pages-browser)/./node_modules/.pnpm/next@15.5.18_react-dom@19.2.4_react@19.2.4__react@19.2.4/node_modules/next/dist/client/dev/hot-reloader/app/hot-reloader-app.js:196
[   23095ms] [LOG] [Fast Refresh] done in 23ms @ webpack-internal:///(app-pages-browser)/./node_modules/.pnpm/next@15.5.18_react-dom@19.2.4_react@19.2.4__react@19.2.4/node_modules/next/dist/client/dev/report-hmr-latency.js:13
[   23155ms] [LOG] [Fast Refresh] rebuilding @ webpack-internal:///(app-pages-browser)/./node_modules/.pnpm/next@15.5.18_react-dom@19.2.4_react@19.2.4__react@19.2.4/node_modules/next/dist/client/dev/hot-reloader/app/hot-reloader-app.js:196
[   23180ms] [LOG] [Fast Refresh] done in 25ms @ webpack-internal:///(app-pages-browser)/./node_modules/.pnpm/next@15.5.18_react-dom@19.2.4_react@19.2.4__react@19.2.4/node_modules/next/dist/client/dev/report-hmr-latency.js:13
[   23266ms] [LOG] [Fast Refresh] rebuilding @ webpack-internal:///(app-pages-browser)/./node_modules/.pnpm/next@15.5.18_react-dom@19.2.4_react@19.2.4__react@19.2.4/node_modules/next/dist/client/dev/hot-reloader/app/hot-reloader-app.js:196
[   23292ms] [LOG] [Fast Refresh] done in 27ms @ webpack-internal:///(app-pages-browser)/./node_modules/.pnpm/next@15.5.18_react-dom@19.2.4_react@19.2.4__react@19.2.4/node_modules/next/dist/client/dev/report-hmr-latency.js:13
[   23355ms] [LOG] [Fast Refresh] rebuilding @ webpack-internal:///(app-pages-browser)/./node_modules/.pnpm/next@15.5.18_react-dom@19.2.4_react@19.2.4__react@19.2.4/node_modules/next/dist/client/dev/hot-reloader/app/hot-reloader-app.js:196
[   23358ms] [LOG] [Fast Refresh] done in 4ms @ webpack-internal:///(app-pages-browser)/./node_modules/.pnpm/next@15.5.18_react-dom@19.2.4_react@19.2.4__react@19.2.4/node_modules/next/dist/client/dev/report-hmr-latency.js:13
[   23450ms] [LOG] [Fast Refresh] rebuilding @ webpack-internal:///(app-pages-browser)/./node_modules/.pnpm/next@15.5.18_react-dom@19.2.4_react@19.2.4__react@19.2.4/node_modules/next/dist/client/dev/hot-reloader/app/hot-reloader-app.js:196
[   23466ms] [LOG] [Fast Refresh] done in 16ms @ webpack-internal:///(app-pages-browser)/./node_modules/.pnpm/next@15.5.18_react-dom@19.2.4_react@19.2.4__react@19.2.4/node_modules/next/dist/client/dev/report-hmr-latency.js:13
[   23555ms] [LOG] [Fast Refresh] rebuilding @ webpack-internal:///(app-pages-browser)/./node_modules/.pnpm/next@15.5.18_react-dom@19.2.4_react@19.2.4__react@19.2.4/node_modules/next/dist/client/dev/hot-reloader/app/hot-reloader-app.js:196
[   23559ms] [LOG] [Fast Refresh] done in 5ms @ webpack-internal:///(app-pages-browser)/./node_modules/.pnpm/next@15.5.18_react-dom@19.2.4_react@19.2.4__react@19.2.4/node_modules/next/dist/client/dev/report-hmr-latency.js:13
[   23651ms] [LOG] [Fast Refresh] rebuilding @ webpack-internal:///(app-pages-browser)/./node_modules/.pnpm/next@15.5.18_react-dom@19.2.4_react@19.2.4__react@19.2.4/node_modules/next/dist/client/dev/hot-reloader/app/hot-reloader-app.js:196
[   23655ms] [LOG] [Fast Refresh] done in 4ms @ webpack-internal:///(app-pages-browser)/./node_modules/.pnpm/next@15.5.18_react-dom@19.2.4_react@19.2.4__react@19.2.4/node_modules/next/dist/client/dev/report-hmr-latency.js:13
[   23741ms] [LOG] [Fast Refresh] rebuilding @ webpack-internal:///(app-pages-browser)/./node_modules/.pnpm/next@15.5.18_react-dom@19.2.4_react@19.2.4__react@19.2.4/node_modules/next/dist/client/dev/hot-reloader/app/hot-reloader-app.js:196
[   23746ms] [LOG] [Fast Refresh] done in 5ms @ webpack-internal:///(app-pages-browser)/./node_modules/.pnpm/next@15.5.18_react-dom@19.2.4_react@19.2.4__react@19.2.4/node_modules/next/dist/client/dev/report-hmr-latency.js:13
[   23842ms] [LOG] [Fast Refresh] rebuilding @ webpack-internal:///(app-pages-browser)/./node_modules/.pnpm/next@15.5.18_react-dom@19.2.4_react@19.2.4__react@19.2.4/node_modules/next/dist/client/dev/hot-reloader/app/hot-reloader-app.js:196
[   23851ms] [LOG] [Fast Refresh] done in 8ms @ webpack-internal:///(app-pages-browser)/./node_modules/.pnpm/next@15.5.18_react-dom@19.2.4_react@19.2.4__react@19.2.4/node_modules/next/dist/client/dev/report-hmr-latency.js:13
[   23932ms] [LOG] [Fast Refresh] rebuilding @ webpack-internal:///(app-pages-browser)/./node_modules/.pnpm/next@15.5.18_react-dom@19.2.4_react@19.2.4__react@19.2.4/node_modules/next/dist/client/dev/hot-reloader/app/hot-reloader-app.js:196
[   23939ms] [LOG] [Fast Refresh] done in 7ms @ webpack-internal:///(app-pages-browser)/./node_modules/.pnpm/next@15.5.18_react-dom@19.2.4_react@19.2.4__react@19.2.4/node_modules/next/dist/client/dev/report-hmr-latency.js:13
[   24070ms] [LOG] [Fast Refresh] rebuilding @ webpack-internal:///(app-pages-browser)/./node_modules/.pnpm/next@15.5.18_react-dom@19.2.4_react@19.2.4__react@19.2.4/node_modules/next/dist/client/dev/hot-reloader/app/hot-reloader-app.js:196
[   24082ms] [LOG] [Fast Refresh] done in 12ms @ webpack-internal:///(app-pages-browser)/./node_modules/.pnpm/next@15.5.18_react-dom@19.2.4_react@19.2.4__react@19.2.4/node_modules/next/dist/client/dev/report-hmr-latency.js:13
[   24208ms] [LOG] [Fast Refresh] rebuilding @ webpack-internal:///(app-pages-browser)/./node_modules/.pnpm/next@15.5.18_react-dom@19.2.4_react@19.2.4__react@19.2.4/node_modules/next/dist/client/dev/hot-reloader/app/hot-reloader-app.js:196
[   24223ms] [LOG] [Fast Refresh] done in 16ms @ webpack-internal:///(app-pages-browser)/./node_modules/.pnpm/next@15.5.18_react-dom@19.2.4_react@19.2.4__react@19.2.4/node_modules/next/dist/client/dev/report-hmr-latency.js:13
[   24417ms] [LOG] [Fast Refresh] rebuilding @ webpack-internal:///(app-pages-browser)/./node_modules/.pnpm/next@15.5.18_react-dom@19.2.4_react@19.2.4__react@19.2.4/node_modules/next/dist/client/dev/hot-reloader/app/hot-reloader-app.js:196
[   24459ms] [LOG] [Fast Refresh] done in 42ms @ webpack-internal:///(app-pages-browser)/./node_modules/.pnpm/next@15.5.18_react-dom@19.2.4_react@19.2.4__react@19.2.4/node_modules/next/dist/client/dev/report-hmr-latency.js:13
[   24567ms] [LOG] [Fast Refresh] rebuilding @ webpack-internal:///(app-pages-browser)/./node_modules/.pnpm/next@15.5.18_react-dom@19.2.4_react@19.2.4__react@19.2.4/node_modules/next/dist/client/dev/hot-reloader/app/hot-reloader-app.js:196
[   24586ms] [LOG] [Fast Refresh] done in 19ms @ webpack-internal:///(app-pages-browser)/./node_modules/.pnpm/next@15.5.18_react-dom@19.2.4_react@19.2.4__react@19.2.4/node_modules/next/dist/client/dev/report-hmr-latency.js:13
[   24657ms] [LOG] [Fast Refresh] rebuilding @ webpack-internal:///(app-pages-browser)/./node_modules/.pnpm/next@15.5.18_react-dom@19.2.4_react@19.2.4__react@19.2.4/node_modules/next/dist/client/dev/hot-reloader/app/hot-reloader-app.js:196
[   24661ms] [LOG] [Fast Refresh] done in 3ms @ webpack-internal:///(app-pages-browser)/./node_modules/.pnpm/next@15.5.18_react-dom@19.2.4_react@19.2.4__react@19.2.4/node_modules/next/dist/client/dev/report-hmr-latency.js:13
[   24742ms] [LOG] [Fast Refresh] rebuilding @ webpack-internal:///(app-pages-browser)/./node_modules/.pnpm/next@15.5.18_react-dom@19.2.4_react@19.2.4__react@19.2.4/node_modules/next/dist/client/dev/hot-reloader/app/hot-reloader-app.js:196
[   24746ms] [LOG] [Fast Refresh] done in 3ms @ webpack-internal:///(app-pages-browser)/./node_modules/.pnpm/next@15.5.18_react-dom@19.2.4_react@19.2.4__react@19.2.4/node_modules/next/dist/client/dev/report-hmr-latency.js:13
[   24828ms] [LOG] [Fast Refresh] rebuilding @ webpack-internal:///(app-pages-browser)/./node_modules/.pnpm/next@15.5.18_react-dom@19.2.4_react@19.2.4__react@19.2.4/node_modules/next/dist/client/dev/hot-reloader/app/hot-reloader-app.js:196
[   24846ms] [LOG] [Fast Refresh] done in 19ms @ webpack-internal:///(app-pages-browser)/./node_modules/.pnpm/next@15.5.18_react-dom@19.2.4_react@19.2.4__react@19.2.4/node_modules/next/dist/client/dev/report-hmr-latency.js:13
[   24912ms] [LOG] [Fast Refresh] rebuilding @ webpack-internal:///(app-pages-browser)/./node_modules/.pnpm/next@15.5.18_react-dom@19.2.4_react@19.2.4__react@19.2.4/node_modules/next/dist/client/dev/hot-reloader/app/hot-reloader-app.js:196
[   24981ms] [LOG] [Fast Refresh] done in 69ms @ webpack-internal:///(app-pages-browser)/./node_modules/.pnpm/next@15.5.18_react-dom@19.2.4_react@19.2.4__react@19.2.4/node_modules/next/dist/client/dev/report-hmr-latency.js:13
[   25106ms] [LOG] [Fast Refresh] rebuilding @ webpack-internal:///(app-pages-browser)/./node_modules/.pnpm/next@15.5.18_react-dom@19.2.4_react@19.2.4__react@19.2.4/node_modules/next/dist/client/dev/hot-reloader/app/hot-reloader-app.js:196
[   25122ms] [LOG] [Fast Refresh] done in 16ms @ webpack-internal:///(app-pages-browser)/./node_modules/.pnpm/next@15.5.18_react-dom@19.2.4_react@19.2.4__react@19.2.4/node_modules/next/dist/client/dev/report-hmr-latency.js:13
[   25233ms] [LOG] [Fast Refresh] rebuilding @ webpack-internal:///(app-pages-browser)/./node_modules/.pnpm/next@15.5.18_react-dom@19.2.4_react@19.2.4__react@19.2.4/node_modules/next/dist/client/dev/hot-reloader/app/hot-reloader-app.js:196
[   25240ms] [LOG] [Fast Refresh] done in 6ms @ webpack-internal:///(app-pages-browser)/./node_modules/.pnpm/next@15.5.18_react-dom@19.2.4_react@19.2.4__react@19.2.4/node_modules/next/dist/client/dev/report-hmr-latency.js:13
[   25312ms] [LOG] [Fast Refresh] rebuilding @ webpack-internal:///(app-pages-browser)/./node_modules/.pnpm/next@15.5.18_react-dom@19.2.4_react@19.2.4__react@19.2.4/node_modules/next/dist/client/dev/hot-reloader/app/hot-reloader-app.js:196
[   25319ms] [LOG] [Fast Refresh] done in 8ms @ webpack-internal:///(app-pages-browser)/./node_modules/.pnpm/next@15.5.18_react-dom@19.2.4_react@19.2.4__react@19.2.4/node_modules/next/dist/client/dev/report-hmr-latency.js:13
[   25400ms] [LOG] [Fast Refresh] rebuilding @ webpack-internal:///(app-pages-browser)/./node_modules/.pnpm/next@15.5.18_react-dom@19.2.4_react@19.2.4__react@19.2.4/node_modules/next/dist/client/dev/hot-reloader/app/hot-reloader-app.js:196
[   25414ms] [LOG] [Fast Refresh] done in 13ms @ webpack-internal:///(app-pages-browser)/./node_modules/.pnpm/next@15.5.18_react-dom@19.2.4_react@19.2.4__react@19.2.4/node_modules/next/dist/client/dev/report-hmr-latency.js:13
[   25480ms] [LOG] [Fast Refresh] rebuilding @ webpack-internal:///(app-pages-browser)/./node_modules/.pnpm/next@15.5.18_react-dom@19.2.4_react@19.2.4__react@19.2.4/node_modules/next/dist/client/dev/hot-reloader/app/hot-reloader-app.js:196
[   25489ms] [LOG] [Fast Refresh] done in 9ms @ webpack-internal:///(app-pages-browser)/./node_modules/.pnpm/next@15.5.18_react-dom@19.2.4_react@19.2.4__react@19.2.4/node_modules/next/dist/client/dev/report-hmr-latency.js:13
[   25567ms] [LOG] [Fast Refresh] rebuilding @ webpack-internal:///(app-pages-browser)/./node_modules/.pnpm/next@15.5.18_react-dom@19.2.4_react@19.2.4__react@19.2.4/node_modules/next/dist/client/dev/hot-reloader/app/hot-reloader-app.js:196
[   25570ms] [LOG] [Fast Refresh] done in 3ms @ webpack-internal:///(app-pages-browser)/./node_modules/.pnpm/next@15.5.18_react-dom@19.2.4_react@19.2.4__react@19.2.4/node_modules/next/dist/client/dev/report-hmr-latency.js:13
[   25786ms] [LOG] [Fast Refresh] rebuilding @ webpack-internal:///(app-pages-browser)/./node_modules/.pnpm/next@15.5.18_react-dom@19.2.4_react@19.2.4__react@19.2.4/node_modules/next/dist/client/dev/hot-reloader/app/hot-reloader-app.js:196
[   25795ms] [LOG] [Fast Refresh] done in 9ms @ webpack-internal:///(app-pages-browser)/./node_modules/.pnpm/next@15.5.18_react-dom@19.2.4_react@19.2.4__react@19.2.4/node_modules/next/dist/client/dev/report-hmr-latency.js:13
[   25989ms] [LOG] [Fast Refresh] done in 203ms @ webpack-internal:///(app-pages-browser)/./node_modules/.pnpm/next@15.5.18_react-dom@19.2.4_react@19.2.4__react@19.2.4/node_modules/next/dist/client/dev/report-hmr-latency.js:13
[   26015ms] [LOG] [Fast Refresh] rebuilding @ webpack-internal:///(app-pages-browser)/./node_modules/.pnpm/next@15.5.18_react-dom@19.2.4_react@19.2.4__react@19.2.4/node_modules/next/dist/client/dev/hot-reloader/app/hot-reloader-app.js:196
[   26091ms] [LOG] [Fast Refresh] rebuilding @ webpack-internal:///(app-pages-browser)/./node_modules/.pnpm/next@15.5.18_react-dom@19.2.4_react@19.2.4__react@19.2.4/node_modules/next/dist/client/dev/hot-reloader/app/hot-reloader-app.js:196
[   26093ms] [LOG] [Fast Refresh] done in 2ms @ webpack-internal:///(app-pages-browser)/./node_modules/.pnpm/next@15.5.18_react-dom@19.2.4_react@19.2.4__react@19.2.4/node_modules/next/dist/client/dev/report-hmr-latency.js:13
[   26162ms] [LOG] [Fast Refresh] rebuilding @ webpack-internal:///(app-pages-browser)/./node_modules/.pnpm/next@15.5.18_react-dom@19.2.4_react@19.2.4__react@19.2.4/node_modules/next/dist/client/dev/hot-reloader/app/hot-reloader-app.js:196
[   26169ms] [LOG] [Fast Refresh] done in 7ms @ webpack-internal:///(app-pages-browser)/./node_modules/.pnpm/next@15.5.18_react-dom@19.2.4_react@19.2.4__react@19.2.4/node_modules/next/dist/client/dev/report-hmr-latency.js:13
[   26206ms] [ERROR] Failed to load resource: the server responded with a status of 500 (Internal Server Error) @ http://localhost:3000/login?_rsc=2DvR04nk5zSiS0_p:0
[   26263ms] [LOG] [Fast Refresh] rebuilding @ webpack-internal:///(app-pages-browser)/./node_modules/.pnpm/next@15.5.18_react-dom@19.2.4_react@19.2.4__react@19.2.4/node_modules/next/dist/client/dev/hot-reloader/app/hot-reloader-app.js:196
[   26342ms] [LOG] [Fast Refresh] done in 79ms @ webpack-internal:///(app-pages-browser)/./node_modules/.pnpm/next@15.5.18_react-dom@19.2.4_react@19.2.4__react@19.2.4/node_modules/next/dist/client/dev/report-hmr-latency.js:13
[   26411ms] [LOG] [Fast Refresh] rebuilding @ webpack-internal:///(app-pages-browser)/./node_modules/.pnpm/next@15.5.18_react-dom@19.2.4_react@19.2.4__react@19.2.4/node_modules/next/dist/client/dev/hot-reloader/app/hot-reloader-app.js:196
[   26415ms] [LOG] [Fast Refresh] done in 4ms @ webpack-internal:///(app-pages-browser)/./node_modules/.pnpm/next@15.5.18_react-dom@19.2.4_react@19.2.4__react@19.2.4/node_modules/next/dist/client/dev/report-hmr-latency.js:13
[   29771ms] [LOG] [Fast Refresh] rebuilding @ webpack-internal:///(app-pages-browser)/./node_modules/.pnpm/next@15.5.18_react-dom@19.2.4_react@19.2.4__react@19.2.4/node_modules/next/dist/client/dev/hot-reloader/app/hot-reloader-app.js:196
[   29905ms] [LOG] [Fast Refresh] done in 135ms @ webpack-internal:///(app-pages-browser)/./node_modules/.pnpm/next@15.5.18_react-dom@19.2.4_react@19.2.4__react@19.2.4/node_modules/next/dist/client/dev/report-hmr-latency.js:13
[   30503ms] [LOG] [Fast Refresh] rebuilding @ webpack-internal:///(app-pages-browser)/./node_modules/.pnpm/next@15.5.18_react-dom@19.2.4_react@19.2.4__react@19.2.4/node_modules/next/dist/client/dev/hot-reloader/app/hot-reloader-app.js:196
[   30703ms] [LOG] [Fast Refresh] done in 199ms @ webpack-internal:///(app-pages-browser)/./node_modules/.pnpm/next@15.5.18_react-dom@19.2.4_react@19.2.4__react@19.2.4/node_modules/next/dist/client/dev/report-hmr-latency.js:13
[   31491ms] [LOG] [Fast Refresh] rebuilding @ webpack-internal:///(app-pages-browser)/./node_modules/.pnpm/next@15.5.18_react-dom@19.2.4_react@19.2.4__react@19.2.4/node_modules/next/dist/client/dev/hot-reloader/app/hot-reloader-app.js:196
[   31518ms] [LOG] [Fast Refresh] done in 27ms @ webpack-internal:///(app-pages-browser)/./node_modules/.pnpm/next@15.5.18_react-dom@19.2.4_react@19.2.4__react@19.2.4/node_modules/next/dist/client/dev/report-hmr-latency.js:13
[   31736ms] [LOG] [Fast Refresh] rebuilding @ webpack-internal:///(app-pages-browser)/./node_modules/.pnpm/next@15.5.18_react-dom@19.2.4_react@19.2.4__react@19.2.4/node_modules/next/dist/client/dev/hot-reloader/app/hot-reloader-app.js:196
[   31759ms] [LOG] [Fast Refresh] done in 22ms @ webpack-internal:///(app-pages-browser)/./node_modules/.pnpm/next@15.5.18_react-dom@19.2.4_react@19.2.4__react@19.2.4/node_modules/next/dist/client/dev/report-hmr-latency.js:13
[   31953ms] [LOG] [Fast Refresh] rebuilding @ webpack-internal:///(app-pages-browser)/./node_modules/.pnpm/next@15.5.18_react-dom@19.2.4_react@19.2.4__react@19.2.4/node_modules/next/dist/client/dev/hot-reloader/app/hot-reloader-app.js:196
[   32028ms] [LOG] [Fast Refresh] done in 75ms @ webpack-internal:///(app-pages-browser)/./node_modules/.pnpm/next@15.5.18_react-dom@19.2.4_react@19.2.4__react@19.2.4/node_modules/next/dist/client/dev/report-hmr-latency.js:13
[   32143ms] [LOG] [Fast Refresh] rebuilding @ webpack-internal:///(app-pages-browser)/./node_modules/.pnpm/next@15.5.18_react-dom@19.2.4_react@19.2.4__react@19.2.4/node_modules/next/dist/client/dev/hot-reloader/app/hot-reloader-app.js:196
[   32159ms] [LOG] [Fast Refresh] done in 16ms @ webpack-internal:///(app-pages-browser)/./node_modules/.pnpm/next@15.5.18_react-dom@19.2.4_react@19.2.4__react@19.2.4/node_modules/next/dist/client/dev/report-hmr-latency.js:13
[   32429ms] [LOG] [Fast Refresh] rebuilding @ webpack-internal:///(app-pages-browser)/./node_modules/.pnpm/next@15.5.18_react-dom@19.2.4_react@19.2.4__react@19.2.4/node_modules/next/dist/client/dev/hot-reloader/app/hot-reloader-app.js:196
[   32458ms] [LOG] [Fast Refresh] done in 30ms @ webpack-internal:///(app-pages-browser)/./node_modules/.pnpm/next@15.5.18_react-dom@19.2.4_react@19.2.4__react@19.2.4/node_modules/next/dist/client/dev/report-hmr-latency.js:13
[   32908ms] [LOG] [Fast Refresh] rebuilding @ webpack-internal:///(app-pages-browser)/./node_modules/.pnpm/next@15.5.18_react-dom@19.2.4_react@19.2.4__react@19.2.4/node_modules/next/dist/client/dev/hot-reloader/app/hot-reloader-app.js:196
[   33026ms] [LOG] [Fast Refresh] done in 118ms @ webpack-internal:///(app-pages-browser)/./node_modules/.pnpm/next@15.5.18_react-dom@19.2.4_react@19.2.4__react@19.2.4/node_modules/next/dist/client/dev/report-hmr-latency.js:13
[   33441ms] [LOG] [Fast Refresh] rebuilding @ webpack-internal:///(app-pages-browser)/./node_modules/.pnpm/next@15.5.18_react-dom@19.2.4_react@19.2.4__react@19.2.4/node_modules/next/dist/client/dev/hot-reloader/app/hot-reloader-app.js:196
[   33463ms] [LOG] [Fast Refresh] done in 22ms @ webpack-internal:///(app-pages-browser)/./node_modules/.pnpm/next@15.5.18_react-dom@19.2.4_react@19.2.4__react@19.2.4/node_modules/next/dist/client/dev/report-hmr-latency.js:13
[   33617ms] [LOG] [Fast Refresh] rebuilding @ webpack-internal:///(app-pages-browser)/./node_modules/.pnpm/next@15.5.18_react-dom@19.2.4_react@19.2.4__react@19.2.4/node_modules/next/dist/client/dev/hot-reloader/app/hot-reloader-app.js:196
[   33675ms] [LOG] [Fast Refresh] done in 57ms @ webpack-internal:///(app-pages-browser)/./node_modules/.pnpm/next@15.5.18_react-dom@19.2.4_react@19.2.4__react@19.2.4/node_modules/next/dist/client/dev/report-hmr-latency.js:13
[   33898ms] [LOG] [Fast Refresh] rebuilding @ webpack-internal:///(app-pages-browser)/./node_modules/.pnpm/next@15.5.18_react-dom@19.2.4_react@19.2.4__react@19.2.4/node_modules/next/dist/client/dev/hot-reloader/app/hot-reloader-app.js:196
[   33936ms] [LOG] [Fast Refresh] done in 39ms @ webpack-internal:///(app-pages-browser)/./node_modules/.pnpm/next@15.5.18_react-dom@19.2.4_react@19.2.4__react@19.2.4/node_modules/next/dist/client/dev/report-hmr-latency.js:13
[   34163ms] [LOG] [Fast Refresh] rebuilding @ webpack-internal:///(app-pages-browser)/./node_modules/.pnpm/next@15.5.18_react-dom@19.2.4_react@19.2.4__react@19.2.4/node_modules/next/dist/client/dev/hot-reloader/app/hot-reloader-app.js:196
[   34190ms] [LOG] [Fast Refresh] done in 27ms @ webpack-internal:///(app-pages-browser)/./node_modules/.pnpm/next@15.5.18_react-dom@19.2.4_react@19.2.4__react@19.2.4/node_modules/next/dist/client/dev/report-hmr-latency.js:13
[   34590ms] [LOG] [Fast Refresh] rebuilding @ webpack-internal:///(app-pages-browser)/./node_modules/.pnpm/next@15.5.18_react-dom@19.2.4_react@19.2.4__react@19.2.4/node_modules/next/dist/client/dev/hot-reloader/app/hot-reloader-app.js:196
[   34612ms] [LOG] [Fast Refresh] done in 22ms @ webpack-internal:///(app-pages-browser)/./node_modules/.pnpm/next@15.5.18_react-dom@19.2.4_react@19.2.4__react@19.2.4/node_modules/next/dist/client/dev/report-hmr-latency.js:13
[   34855ms] [LOG] [Fast Refresh] rebuilding @ webpack-internal:///(app-pages-browser)/./node_modules/.pnpm/next@15.5.18_react-dom@19.2.4_react@19.2.4__react@19.2.4/node_modules/next/dist/client/dev/hot-reloader/app/hot-reloader-app.js:196
[   34975ms] [LOG] [Fast Refresh] done in 119ms @ webpack-internal:///(app-pages-browser)/./node_modules/.pnpm/next@15.5.18_react-dom@19.2.4_react@19.2.4__react@19.2.4/node_modules/next/dist/client/dev/report-hmr-latency.js:13
[   35707ms] [LOG] [Fast Refresh] rebuilding @ webpack-internal:///(app-pages-browser)/./node_modules/.pnpm/next@15.5.18_react-dom@19.2.4_react@19.2.4__react@19.2.4/node_modules/next/dist/client/dev/hot-reloader/app/hot-reloader-app.js:196
[   36200ms] [LOG] [Fast Refresh] done in 493ms @ webpack-internal:///(app-pages-browser)/./node_modules/.pnpm/next@15.5.18_react-dom@19.2.4_react@19.2.4__react@19.2.4/node_modules/next/dist/client/dev/report-hmr-latency.js:13
[   36511ms] [LOG] [Fast Refresh] rebuilding @ webpack-internal:///(app-pages-browser)/./node_modules/.pnpm/next@15.5.18_react-dom@19.2.4_react@19.2.4__react@19.2.4/node_modules/next/dist/client/dev/hot-reloader/app/hot-reloader-app.js:196
[   36558ms] [LOG] [Fast Refresh] done in 47ms @ webpack-internal:///(app-pages-browser)/./node_modules/.pnpm/next@15.5.18_react-dom@19.2.4_react@19.2.4__react@19.2.4/node_modules/next/dist/client/dev/report-hmr-latency.js:13
[   36674ms] [LOG] [Fast Refresh] rebuilding @ webpack-internal:///(app-pages-browser)/./node_modules/.pnpm/next@15.5.18_react-dom@19.2.4_react@19.2.4__react@19.2.4/node_modules/next/dist/client/dev/hot-reloader/app/hot-reloader-app.js:196
[   36717ms] [LOG] [Fast Refresh] done in 44ms @ webpack-internal:///(app-pages-browser)/./node_modules/.pnpm/next@15.5.18_react-dom@19.2.4_react@19.2.4__react@19.2.4/node_modules/next/dist/client/dev/report-hmr-latency.js:13
[   36884ms] [LOG] [Fast Refresh] rebuilding @ webpack-internal:///(app-pages-browser)/./node_modules/.pnpm/next@15.5.18_react-dom@19.2.4_react@19.2.4__react@19.2.4/node_modules/next/dist/client/dev/hot-reloader/app/hot-reloader-app.js:196
[   36920ms] [LOG] [Fast Refresh] done in 35ms @ webpack-internal:///(app-pages-browser)/./node_modules/.pnpm/next@15.5.18_react-dom@19.2.4_react@19.2.4__react@19.2.4/node_modules/next/dist/client/dev/report-hmr-latency.js:13
[   37145ms] [LOG] [Fast Refresh] rebuilding @ webpack-internal:///(app-pages-browser)/./node_modules/.pnpm/next@15.5.18_react-dom@19.2.4_react@19.2.4__react@19.2.4/node_modules/next/dist/client/dev/hot-reloader/app/hot-reloader-app.js:196
[   37157ms] [LOG] [Fast Refresh] done in 11ms @ webpack-internal:///(app-pages-browser)/./node_modules/.pnpm/next@15.5.18_react-dom@19.2.4_react@19.2.4__react@19.2.4/node_modules/next/dist/client/dev/report-hmr-latency.js:13
[   37315ms] [LOG] [Fast Refresh] rebuilding @ webpack-internal:///(app-pages-browser)/./node_modules/.pnpm/next@15.5.18_react-dom@19.2.4_react@19.2.4__react@19.2.4/node_modules/next/dist/client/dev/hot-reloader/app/hot-reloader-app.js:196
[   37338ms] [LOG] [Fast Refresh] done in 24ms @ webpack-internal:///(app-pages-browser)/./node_modules/.pnpm/next@15.5.18_react-dom@19.2.4_react@19.2.4__react@19.2.4/node_modules/next/dist/client/dev/report-hmr-latency.js:13
[   37491ms] [LOG] [Fast Refresh] rebuilding @ webpack-internal:///(app-pages-browser)/./node_modules/.pnpm/next@15.5.18_react-dom@19.2.4_react@19.2.4__react@19.2.4/node_modules/next/dist/client/dev/hot-reloader/app/hot-reloader-app.js:196
[   37504ms] [LOG] [Fast Refresh] done in 12ms @ webpack-internal:///(app-pages-browser)/./node_modules/.pnpm/next@15.5.18_react-dom@19.2.4_react@19.2.4__react@19.2.4/node_modules/next/dist/client/dev/report-hmr-latency.js:13
[   37672ms] [LOG] [Fast Refresh] rebuilding @ webpack-internal:///(app-pages-browser)/./node_modules/.pnpm/next@15.5.18_react-dom@19.2.4_react@19.2.4__react@19.2.4/node_modules/next/dist/client/dev/hot-reloader/app/hot-reloader-app.js:196
[   37688ms] [LOG] [Fast Refresh] done in 16ms @ webpack-internal:///(app-pages-browser)/./node_modules/.pnpm/next@15.5.18_react-dom@19.2.4_react@19.2.4__react@19.2.4/node_modules/next/dist/client/dev/report-hmr-latency.js:13
[   37929ms] [LOG] [Fast Refresh] rebuilding @ webpack-internal:///(app-pages-browser)/./node_modules/.pnpm/next@15.5.18_react-dom@19.2.4_react@19.2.4__react@19.2.4/node_modules/next/dist/client/dev/hot-reloader/app/hot-reloader-app.js:196
[   37975ms] [LOG] [Fast Refresh] done in 47ms @ webpack-internal:///(app-pages-browser)/./node_modules/.pnpm/next@15.5.18_react-dom@19.2.4_react@19.2.4__react@19.2.4/node_modules/next/dist/client/dev/report-hmr-latency.js:13
[   38111ms] [LOG] [Fast Refresh] rebuilding @ webpack-internal:///(app-pages-browser)/./node_modules/.pnpm/next@15.5.18_react-dom@19.2.4_react@19.2.4__react@19.2.4/node_modules/next/dist/client/dev/hot-reloader/app/hot-reloader-app.js:196
[   38125ms] [LOG] [Fast Refresh] done in 13ms @ webpack-internal:///(app-pages-browser)/./node_modules/.pnpm/next@15.5.18_react-dom@19.2.4_react@19.2.4__react@19.2.4/node_modules/next/dist/client/dev/report-hmr-latency.js:13
[   38251ms] [LOG] [Fast Refresh] rebuilding @ webpack-internal:///(app-pages-browser)/./node_modules/.pnpm/next@15.5.18_react-dom@19.2.4_react@19.2.4__react@19.2.4/node_modules/next/dist/client/dev/hot-reloader/app/hot-reloader-app.js:196
[   38259ms] [LOG] [Fast Refresh] done in 7ms @ webpack-internal:///(app-pages-browser)/./node_modules/.pnpm/next@15.5.18_react-dom@19.2.4_react@19.2.4__react@19.2.4/node_modules/next/dist/client/dev/report-hmr-latency.js:13
[   38406ms] [LOG] [Fast Refresh] rebuilding @ webpack-internal:///(app-pages-browser)/./node_modules/.pnpm/next@15.5.18_react-dom@19.2.4_react@19.2.4__react@19.2.4/node_modules/next/dist/client/dev/hot-reloader/app/hot-reloader-app.js:196
[   38412ms] [LOG] [Fast Refresh] done in 7ms @ webpack-internal:///(app-pages-browser)/./node_modules/.pnpm/next@15.5.18_react-dom@19.2.4_react@19.2.4__react@19.2.4/node_modules/next/dist/client/dev/report-hmr-latency.js:13
[   38509ms] [LOG] [Fast Refresh] rebuilding @ webpack-internal:///(app-pages-browser)/./node_modules/.pnpm/next@15.5.18_react-dom@19.2.4_react@19.2.4__react@19.2.4/node_modules/next/dist/client/dev/hot-reloader/app/hot-reloader-app.js:196
[   38514ms] [LOG] [Fast Refresh] done in 4ms @ webpack-internal:///(app-pages-browser)/./node_modules/.pnpm/next@15.5.18_react-dom@19.2.4_react@19.2.4__react@19.2.4/node_modules/next/dist/client/dev/report-hmr-latency.js:13
[   38609ms] [LOG] [Fast Refresh] rebuilding @ webpack-internal:///(app-pages-browser)/./node_modules/.pnpm/next@15.5.18_react-dom@19.2.4_react@19.2.4__react@19.2.4/node_modules/next/dist/client/dev/hot-reloader/app/hot-reloader-app.js:196
[   38614ms] [LOG] [Fast Refresh] done in 4ms @ webpack-internal:///(app-pages-browser)/./node_modules/.pnpm/next@15.5.18_react-dom@19.2.4_react@19.2.4__react@19.2.4/node_modules/next/dist/client/dev/report-hmr-latency.js:13
[   38709ms] [LOG] [Fast Refresh] rebuilding @ webpack-internal:///(app-pages-browser)/./node_modules/.pnpm/next@15.5.18_react-dom@19.2.4_react@19.2.4__react@19.2.4/node_modules/next/dist/client/dev/hot-reloader/app/hot-reloader-app.js:196
[   38717ms] [LOG] [Fast Refresh] done in 8ms @ webpack-internal:///(app-pages-browser)/./node_modules/.pnpm/next@15.5.18_react-dom@19.2.4_react@19.2.4__react@19.2.4/node_modules/next/dist/client/dev/report-hmr-latency.js:13
[   38800ms] [LOG] [Fast Refresh] rebuilding @ webpack-internal:///(app-pages-browser)/./node_modules/.pnpm/next@15.5.18_react-dom@19.2.4_react@19.2.4__react@19.2.4/node_modules/next/dist/client/dev/hot-reloader/app/hot-reloader-app.js:196
[   38810ms] [LOG] [Fast Refresh] done in 10ms @ webpack-internal:///(app-pages-browser)/./node_modules/.pnpm/next@15.5.18_react-dom@19.2.4_react@19.2.4__react@19.2.4/node_modules/next/dist/client/dev/report-hmr-latency.js:13
[   38891ms] [LOG] [Fast Refresh] rebuilding @ webpack-internal:///(app-pages-browser)/./node_modules/.pnpm/next@15.5.18_react-dom@19.2.4_react@19.2.4__react@19.2.4/node_modules/next/dist/client/dev/hot-reloader/app/hot-reloader-app.js:196
[   38895ms] [LOG] [Fast Refresh] done in 4ms @ webpack-internal:///(app-pages-browser)/./node_modules/.pnpm/next@15.5.18_react-dom@19.2.4_react@19.2.4__react@19.2.4/node_modules/next/dist/client/dev/report-hmr-latency.js:13
[   38975ms] [LOG] [Fast Refresh] rebuilding @ webpack-internal:///(app-pages-browser)/./node_modules/.pnpm/next@15.5.18_react-dom@19.2.4_react@19.2.4__react@19.2.4/node_modules/next/dist/client/dev/hot-reloader/app/hot-reloader-app.js:196
[   38997ms] [LOG] [Fast Refresh] done in 22ms @ webpack-internal:///(app-pages-browser)/./node_modules/.pnpm/next@15.5.18_react-dom@19.2.4_react@19.2.4__react@19.2.4/node_modules/next/dist/client/dev/report-hmr-latency.js:13
[   39103ms] [LOG] [Fast Refresh] rebuilding @ webpack-internal:///(app-pages-browser)/./node_modules/.pnpm/next@15.5.18_react-dom@19.2.4_react@19.2.4__react@19.2.4/node_modules/next/dist/client/dev/hot-reloader/app/hot-reloader-app.js:196
[   39106ms] [LOG] [Fast Refresh] done in 3ms @ webpack-internal:///(app-pages-browser)/./node_modules/.pnpm/next@15.5.18_react-dom@19.2.4_react@19.2.4__react@19.2.4/node_modules/next/dist/client/dev/report-hmr-latency.js:13
[   39191ms] [LOG] [Fast Refresh] rebuilding @ webpack-internal:///(app-pages-browser)/./node_modules/.pnpm/next@15.5.18_react-dom@19.2.4_react@19.2.4__react@19.2.4/node_modules/next/dist/client/dev/hot-reloader/app/hot-reloader-app.js:196
[   39194ms] [LOG] [Fast Refresh] done in 4ms @ webpack-internal:///(app-pages-browser)/./node_modules/.pnpm/next@15.5.18_react-dom@19.2.4_react@19.2.4__react@19.2.4/node_modules/next/dist/client/dev/report-hmr-latency.js:13
[   39292ms] [LOG] [Fast Refresh] rebuilding @ webpack-internal:///(app-pages-browser)/./node_modules/.pnpm/next@15.5.18_react-dom@19.2.4_react@19.2.4__react@19.2.4/node_modules/next/dist/client/dev/hot-reloader/app/hot-reloader-app.js:196
[   39295ms] [LOG] [Fast Refresh] done in 4ms @ webpack-internal:///(app-pages-browser)/./node_modules/.pnpm/next@15.5.18_react-dom@19.2.4_react@19.2.4__react@19.2.4/node_modules/next/dist/client/dev/report-hmr-latency.js:13
[   39388ms] [LOG] [Fast Refresh] rebuilding @ webpack-internal:///(app-pages-browser)/./node_modules/.pnpm/next@15.5.18_react-dom@19.2.4_react@19.2.4__react@19.2.4/node_modules/next/dist/client/dev/hot-reloader/app/hot-reloader-app.js:196
[   39401ms] [LOG] [Fast Refresh] done in 13ms @ webpack-internal:///(app-pages-browser)/./node_modules/.pnpm/next@15.5.18_react-dom@19.2.4_react@19.2.4__react@19.2.4/node_modules/next/dist/client/dev/report-hmr-latency.js:13
[   39616ms] [LOG] [Fast Refresh] done in 227ms @ webpack-internal:///(app-pages-browser)/./node_modules/.pnpm/next@15.5.18_react-dom@19.2.4_react@19.2.4__react@19.2.4/node_modules/next/dist/client/dev/report-hmr-latency.js:13
[   39638ms] [LOG] [Fast Refresh] rebuilding @ webpack-internal:///(app-pages-browser)/./node_modules/.pnpm/next@15.5.18_react-dom@19.2.4_react@19.2.4__react@19.2.4/node_modules/next/dist/client/dev/hot-reloader/app/hot-reloader-app.js:196
[   39699ms] [LOG] [Fast Refresh] rebuilding @ webpack-internal:///(app-pages-browser)/./node_modules/.pnpm/next@15.5.18_react-dom@19.2.4_react@19.2.4__react@19.2.4/node_modules/next/dist/client/dev/hot-reloader/app/hot-reloader-app.js:196
[   39703ms] [LOG] [Fast Refresh] done in 3ms @ webpack-internal:///(app-pages-browser)/./node_modules/.pnpm/next@15.5.18_react-dom@19.2.4_react@19.2.4__react@19.2.4/node_modules/next/dist/client/dev/report-hmr-latency.js:13
[   39768ms] [LOG] [Fast Refresh] rebuilding @ webpack-internal:///(app-pages-browser)/./node_modules/.pnpm/next@15.5.18_react-dom@19.2.4_react@19.2.4__react@19.2.4/node_modules/next/dist/client/dev/hot-reloader/app/hot-reloader-app.js:196
[   39772ms] [LOG] [Fast Refresh] done in 3ms @ webpack-internal:///(app-pages-browser)/./node_modules/.pnpm/next@15.5.18_react-dom@19.2.4_react@19.2.4__react@19.2.4/node_modules/next/dist/client/dev/report-hmr-latency.js:13
[   39841ms] [ERROR] Failed to load resource: the server responded with a status of 500 (Internal Server Error) @ http://localhost:3000/login?_rsc=2DvR04nk5zSiS0_p:0
[   39886ms] [LOG] [Fast Refresh] rebuilding @ webpack-internal:///(app-pages-browser)/./node_modules/.pnpm/next@15.5.18_react-dom@19.2.4_react@19.2.4__react@19.2.4/node_modules/next/dist/client/dev/hot-reloader/app/hot-reloader-app.js:196
[   39891ms] [LOG] [Fast Refresh] done in 4ms @ webpack-internal:///(app-pages-browser)/./node_modules/.pnpm/next@15.5.18_react-dom@19.2.4_react@19.2.4__react@19.2.4/node_modules/next/dist/client/dev/report-hmr-latency.js:13
[   40085ms] [LOG] [Fast Refresh] rebuilding @ webpack-internal:///(app-pages-browser)/./node_modules/.pnpm/next@15.5.18_react-dom@19.2.4_react@19.2.4__react@19.2.4/node_modules/next/dist/client/dev/hot-reloader/app/hot-reloader-app.js:196
[   40110ms] [LOG] [Fast Refresh] done in 24ms @ webpack-internal:///(app-pages-browser)/./node_modules/.pnpm/next@15.5.18_react-dom@19.2.4_react@19.2.4__react@19.2.4/node_modules/next/dist/client/dev/report-hmr-latency.js:13
[   40187ms] [LOG] [Fast Refresh] rebuilding @ webpack-internal:///(app-pages-browser)/./node_modules/.pnpm/next@15.5.18_react-dom@19.2.4_react@19.2.4__react@19.2.4/node_modules/next/dist/client/dev/hot-reloader/app/hot-reloader-app.js:196
[   40190ms] [LOG] [Fast Refresh] done in 4ms @ webpack-internal:///(app-pages-browser)/./node_modules/.pnpm/next@15.5.18_react-dom@19.2.4_react@19.2.4__react@19.2.4/node_modules/next/dist/client/dev/report-hmr-latency.js:13
[   40273ms] [LOG] [Fast Refresh] rebuilding @ webpack-internal:///(app-pages-browser)/./node_modules/.pnpm/next@15.5.18_react-dom@19.2.4_react@19.2.4__react@19.2.4/node_modules/next/dist/client/dev/hot-reloader/app/hot-reloader-app.js:196
[   40297ms] [LOG] [Fast Refresh] done in 24ms @ webpack-internal:///(app-pages-browser)/./node_modules/.pnpm/next@15.5.18_react-dom@19.2.4_react@19.2.4__react@19.2.4/node_modules/next/dist/client/dev/report-hmr-latency.js:13
[   40358ms] [LOG] [Fast Refresh] rebuilding @ webpack-internal:///(app-pages-browser)/./node_modules/.pnpm/next@15.5.18_react-dom@19.2.4_react@19.2.4__react@19.2.4/node_modules/next/dist/client/dev/hot-reloader/app/hot-reloader-app.js:196
[   40373ms] [LOG] [Fast Refresh] done in 15ms @ webpack-internal:///(app-pages-browser)/./node_modules/.pnpm/next@15.5.18_react-dom@19.2.4_react@19.2.4__react@19.2.4/node_modules/next/dist/client/dev/report-hmr-latency.js:13
[   40437ms] [LOG] [Fast Refresh] rebuilding @ webpack-internal:///(app-pages-browser)/./node_modules/.pnpm/next@15.5.18_react-dom@19.2.4_react@19.2.4__react@19.2.4/node_modules/next/dist/client/dev/hot-reloader/app/hot-reloader-app.js:196
[   40454ms] [LOG] [Fast Refresh] done in 16ms @ webpack-internal:///(app-pages-browser)/./node_modules/.pnpm/next@15.5.18_react-dom@19.2.4_react@19.2.4__react@19.2.4/node_modules/next/dist/client/dev/report-hmr-latency.js:13
[   40519ms] [LOG] [Fast Refresh] rebuilding @ webpack-internal:///(app-pages-browser)/./node_modules/.pnpm/next@15.5.18_react-dom@19.2.4_react@19.2.4__react@19.2.4/node_modules/next/dist/client/dev/hot-reloader/app/hot-reloader-app.js:196
[   40522ms] [LOG] [Fast Refresh] done in 4ms @ webpack-internal:///(app-pages-browser)/./node_modules/.pnpm/next@15.5.18_react-dom@19.2.4_react@19.2.4__react@19.2.4/node_modules/next/dist/client/dev/report-hmr-latency.js:13
[   40599ms] [LOG] [Fast Refresh] rebuilding @ webpack-internal:///(app-pages-browser)/./node_modules/.pnpm/next@15.5.18_react-dom@19.2.4_react@19.2.4__react@19.2.4/node_modules/next/dist/client/dev/hot-reloader/app/hot-reloader-app.js:196
[   40615ms] [LOG] [Fast Refresh] done in 15ms @ webpack-internal:///(app-pages-browser)/./node_modules/.pnpm/next@15.5.18_react-dom@19.2.4_react@19.2.4__react@19.2.4/node_modules/next/dist/client/dev/report-hmr-latency.js:13
[   40677ms] [LOG] [Fast Refresh] rebuilding @ webpack-internal:///(app-pages-browser)/./node_modules/.pnpm/next@15.5.18_react-dom@19.2.4_react@19.2.4__react@19.2.4/node_modules/next/dist/client/dev/hot-reloader/app/hot-reloader-app.js:196
[   40693ms] [LOG] [Fast Refresh] done in 16ms @ webpack-internal:///(app-pages-browser)/./node_modules/.pnpm/next@15.5.18_react-dom@19.2.4_react@19.2.4__react@19.2.4/node_modules/next/dist/client/dev/report-hmr-latency.js:13
[   40755ms] [LOG] [Fast Refresh] rebuilding @ webpack-internal:///(app-pages-browser)/./node_modules/.pnpm/next@15.5.18_react-dom@19.2.4_react@19.2.4__react@19.2.4/node_modules/next/dist/client/dev/hot-reloader/app/hot-reloader-app.js:196
[   40769ms] [LOG] [Fast Refresh] done in 15ms @ webpack-internal:///(app-pages-browser)/./node_modules/.pnpm/next@15.5.18_react-dom@19.2.4_react@19.2.4__react@19.2.4/node_modules/next/dist/client/dev/report-hmr-latency.js:13
[   40831ms] [LOG] [Fast Refresh] rebuilding @ webpack-internal:///(app-pages-browser)/./node_modules/.pnpm/next@15.5.18_react-dom@19.2.4_react@19.2.4__react@19.2.4/node_modules/next/dist/client/dev/hot-reloader/app/hot-reloader-app.js:196
[   40847ms] [LOG] [Fast Refresh] done in 15ms @ webpack-internal:///(app-pages-browser)/./node_modules/.pnpm/next@15.5.18_react-dom@19.2.4_react@19.2.4__react@19.2.4/node_modules/next/dist/client/dev/report-hmr-latency.js:13
[   40924ms] [LOG] [Fast Refresh] rebuilding @ webpack-internal:///(app-pages-browser)/./node_modules/.pnpm/next@15.5.18_react-dom@19.2.4_react@19.2.4__react@19.2.4/node_modules/next/dist/client/dev/hot-reloader/app/hot-reloader-app.js:196
[   40941ms] [LOG] [Fast Refresh] done in 17ms @ webpack-internal:///(app-pages-browser)/./node_modules/.pnpm/next@15.5.18_react-dom@19.2.4_react@19.2.4__react@19.2.4/node_modules/next/dist/client/dev/report-hmr-latency.js:13
[   41010ms] [LOG] [Fast Refresh] rebuilding @ webpack-internal:///(app-pages-browser)/./node_modules/.pnpm/next@15.5.18_react-dom@19.2.4_react@19.2.4__react@19.2.4/node_modules/next/dist/client/dev/hot-reloader/app/hot-reloader-app.js:196
[   41027ms] [LOG] [Fast Refresh] done in 17ms @ webpack-internal:///(app-pages-browser)/./node_modules/.pnpm/next@15.5.18_react-dom@19.2.4_react@19.2.4__react@19.2.4/node_modules/next/dist/client/dev/report-hmr-latency.js:13
[   41094ms] [LOG] [Fast Refresh] rebuilding @ webpack-internal:///(app-pages-browser)/./node_modules/.pnpm/next@15.5.18_react-dom@19.2.4_react@19.2.4__react@19.2.4/node_modules/next/dist/client/dev/hot-reloader/app/hot-reloader-app.js:196
[   41108ms] [LOG] [Fast Refresh] done in 14ms @ webpack-internal:///(app-pages-browser)/./node_modules/.pnpm/next@15.5.18_react-dom@19.2.4_react@19.2.4__react@19.2.4/node_modules/next/dist/client/dev/report-hmr-latency.js:13
[   41173ms] [LOG] [Fast Refresh] rebuilding @ webpack-internal:///(app-pages-browser)/./node_modules/.pnpm/next@15.5.18_react-dom@19.2.4_react@19.2.4__react@19.2.4/node_modules/next/dist/client/dev/hot-reloader/app/hot-reloader-app.js:196
[   41187ms] [LOG] [Fast Refresh] done in 14ms @ webpack-internal:///(app-pages-browser)/./node_modules/.pnpm/next@15.5.18_react-dom@19.2.4_react@19.2.4__react@19.2.4/node_modules/next/dist/client/dev/report-hmr-latency.js:13
[   41250ms] [LOG] [Fast Refresh] rebuilding @ webpack-internal:///(app-pages-browser)/./node_modules/.pnpm/next@15.5.18_react-dom@19.2.4_react@19.2.4__react@19.2.4/node_modules/next/dist/client/dev/hot-reloader/app/hot-reloader-app.js:196
[   41253ms] [LOG] [Fast Refresh] done in 3ms @ webpack-internal:///(app-pages-browser)/./node_modules/.pnpm/next@15.5.18_react-dom@19.2.4_react@19.2.4__react@19.2.4/node_modules/next/dist/client/dev/report-hmr-latency.js:13
[   41330ms] [LOG] [Fast Refresh] rebuilding @ webpack-internal:///(app-pages-browser)/./node_modules/.pnpm/next@15.5.18_react-dom@19.2.4_react@19.2.4__react@19.2.4/node_modules/next/dist/client/dev/hot-reloader/app/hot-reloader-app.js:196
[   41345ms] [LOG] [Fast Refresh] done in 16ms @ webpack-internal:///(app-pages-browser)/./node_modules/.pnpm/next@15.5.18_react-dom@19.2.4_react@19.2.4__react@19.2.4/node_modules/next/dist/client/dev/report-hmr-latency.js:13
[   41404ms] [LOG] [Fast Refresh] rebuilding @ webpack-internal:///(app-pages-browser)/./node_modules/.pnpm/next@15.5.18_react-dom@19.2.4_react@19.2.4__react@19.2.4/node_modules/next/dist/client/dev/hot-reloader/app/hot-reloader-app.js:196
[   41418ms] [LOG] [Fast Refresh] done in 13ms @ webpack-internal:///(app-pages-browser)/./node_modules/.pnpm/next@15.5.18_react-dom@19.2.4_react@19.2.4__react@19.2.4/node_modules/next/dist/client/dev/report-hmr-latency.js:13
[   41478ms] [LOG] [Fast Refresh] rebuilding @ webpack-internal:///(app-pages-browser)/./node_modules/.pnpm/next@15.5.18_react-dom@19.2.4_react@19.2.4__react@19.2.4/node_modules/next/dist/client/dev/hot-reloader/app/hot-reloader-app.js:196
[   41492ms] [LOG] [Fast Refresh] done in 13ms @ webpack-internal:///(app-pages-browser)/./node_modules/.pnpm/next@15.5.18_react-dom@19.2.4_react@19.2.4__react@19.2.4/node_modules/next/dist/client/dev/report-hmr-latency.js:13
[   41553ms] [LOG] [Fast Refresh] rebuilding @ webpack-internal:///(app-pages-browser)/./node_modules/.pnpm/next@15.5.18_react-dom@19.2.4_react@19.2.4__react@19.2.4/node_modules/next/dist/client/dev/hot-reloader/app/hot-reloader-app.js:196
[   41567ms] [LOG] [Fast Refresh] done in 13ms @ webpack-internal:///(app-pages-browser)/./node_modules/.pnpm/next@15.5.18_react-dom@19.2.4_react@19.2.4__react@19.2.4/node_modules/next/dist/client/dev/report-hmr-latency.js:13
[   41630ms] [LOG] [Fast Refresh] rebuilding @ webpack-internal:///(app-pages-browser)/./node_modules/.pnpm/next@15.5.18_react-dom@19.2.4_react@19.2.4__react@19.2.4/node_modules/next/dist/client/dev/hot-reloader/app/hot-reloader-app.js:196
[   41634ms] [LOG] [Fast Refresh] done in 4ms @ webpack-internal:///(app-pages-browser)/./node_modules/.pnpm/next@15.5.18_react-dom@19.2.4_react@19.2.4__react@19.2.4/node_modules/next/dist/client/dev/report-hmr-latency.js:13
[   41709ms] [LOG] [Fast Refresh] rebuilding @ webpack-internal:///(app-pages-browser)/./node_modules/.pnpm/next@15.5.18_react-dom@19.2.4_react@19.2.4__react@19.2.4/node_modules/next/dist/client/dev/hot-reloader/app/hot-reloader-app.js:196
[   41724ms] [LOG] [Fast Refresh] done in 14ms @ webpack-internal:///(app-pages-browser)/./node_modules/.pnpm/next@15.5.18_react-dom@19.2.4_react@19.2.4__react@19.2.4/node_modules/next/dist/client/dev/report-hmr-latency.js:13
[   41799ms] [LOG] [Fast Refresh] rebuilding @ webpack-internal:///(app-pages-browser)/./node_modules/.pnpm/next@15.5.18_react-dom@19.2.4_react@19.2.4__react@19.2.4/node_modules/next/dist/client/dev/hot-reloader/app/hot-reloader-app.js:196
[   41815ms] [LOG] [Fast Refresh] done in 16ms @ webpack-internal:///(app-pages-browser)/./node_modules/.pnpm/next@15.5.18_react-dom@19.2.4_react@19.2.4__react@19.2.4/node_modules/next/dist/client/dev/report-hmr-latency.js:13
[   41879ms] [LOG] [Fast Refresh] rebuilding @ webpack-internal:///(app-pages-browser)/./node_modules/.pnpm/next@15.5.18_react-dom@19.2.4_react@19.2.4__react@19.2.4/node_modules/next/dist/client/dev/hot-reloader/app/hot-reloader-app.js:196
[   41883ms] [LOG] [Fast Refresh] done in 4ms @ webpack-internal:///(app-pages-browser)/./node_modules/.pnpm/next@15.5.18_react-dom@19.2.4_react@19.2.4__react@19.2.4/node_modules/next/dist/client/dev/report-hmr-latency.js:13
[   41967ms] [LOG] [Fast Refresh] rebuilding @ webpack-internal:///(app-pages-browser)/./node_modules/.pnpm/next@15.5.18_react-dom@19.2.4_react@19.2.4__react@19.2.4/node_modules/next/dist/client/dev/hot-reloader/app/hot-reloader-app.js:196
[   41971ms] [LOG] [Fast Refresh] done in 5ms @ webpack-internal:///(app-pages-browser)/./node_modules/.pnpm/next@15.5.18_react-dom@19.2.4_react@19.2.4__react@19.2.4/node_modules/next/dist/client/dev/report-hmr-latency.js:13
[   42057ms] [LOG] [Fast Refresh] rebuilding @ webpack-internal:///(app-pages-browser)/./node_modules/.pnpm/next@15.5.18_react-dom@19.2.4_react@19.2.4__react@19.2.4/node_modules/next/dist/client/dev/hot-reloader/app/hot-reloader-app.js:196
[   42071ms] [LOG] [Fast Refresh] done in 15ms @ webpack-internal:///(app-pages-browser)/./node_modules/.pnpm/next@15.5.18_react-dom@19.2.4_react@19.2.4__react@19.2.4/node_modules/next/dist/client/dev/report-hmr-latency.js:13
[   42135ms] [LOG] [Fast Refresh] rebuilding @ webpack-internal:///(app-pages-browser)/./node_modules/.pnpm/next@15.5.18_react-dom@19.2.4_react@19.2.4__react@19.2.4/node_modules/next/dist/client/dev/hot-reloader/app/hot-reloader-app.js:196
[   42162ms] [LOG] [Fast Refresh] done in 28ms @ webpack-internal:///(app-pages-browser)/./node_modules/.pnpm/next@15.5.18_react-dom@19.2.4_react@19.2.4__react@19.2.4/node_modules/next/dist/client/dev/report-hmr-latency.js:13
[   42213ms] [LOG] [Fast Refresh] rebuilding @ webpack-internal:///(app-pages-browser)/./node_modules/.pnpm/next@15.5.18_react-dom@19.2.4_react@19.2.4__react@19.2.4/node_modules/next/dist/client/dev/hot-reloader/app/hot-reloader-app.js:196
[   42217ms] [LOG] [Fast Refresh] done in 3ms @ webpack-internal:///(app-pages-browser)/./node_modules/.pnpm/next@15.5.18_react-dom@19.2.4_react@19.2.4__react@19.2.4/node_modules/next/dist/client/dev/report-hmr-latency.js:13
[   42294ms] [LOG] [Fast Refresh] rebuilding @ webpack-internal:///(app-pages-browser)/./node_modules/.pnpm/next@15.5.18_react-dom@19.2.4_react@19.2.4__react@19.2.4/node_modules/next/dist/client/dev/hot-reloader/app/hot-reloader-app.js:196
[   42298ms] [LOG] [Fast Refresh] done in 5ms @ webpack-internal:///(app-pages-browser)/./node_modules/.pnpm/next@15.5.18_react-dom@19.2.4_react@19.2.4__react@19.2.4/node_modules/next/dist/client/dev/report-hmr-latency.js:13
[   42375ms] [LOG] [Fast Refresh] rebuilding @ webpack-internal:///(app-pages-browser)/./node_modules/.pnpm/next@15.5.18_react-dom@19.2.4_react@19.2.4__react@19.2.4/node_modules/next/dist/client/dev/hot-reloader/app/hot-reloader-app.js:196
[   42378ms] [LOG] [Fast Refresh] done in 4ms @ webpack-internal:///(app-pages-browser)/./node_modules/.pnpm/next@15.5.18_react-dom@19.2.4_react@19.2.4__react@19.2.4/node_modules/next/dist/client/dev/report-hmr-latency.js:13
[   42456ms] [LOG] [Fast Refresh] rebuilding @ webpack-internal:///(app-pages-browser)/./node_modules/.pnpm/next@15.5.18_react-dom@19.2.4_react@19.2.4__react@19.2.4/node_modules/next/dist/client/dev/hot-reloader/app/hot-reloader-app.js:196
[   42471ms] [LOG] [Fast Refresh] done in 15ms @ webpack-internal:///(app-pages-browser)/./node_modules/.pnpm/next@15.5.18_react-dom@19.2.4_react@19.2.4__react@19.2.4/node_modules/next/dist/client/dev/report-hmr-latency.js:13
[   42532ms] [LOG] [Fast Refresh] rebuilding @ webpack-internal:///(app-pages-browser)/./node_modules/.pnpm/next@15.5.18_react-dom@19.2.4_react@19.2.4__react@19.2.4/node_modules/next/dist/client/dev/hot-reloader/app/hot-reloader-app.js:196
[   42535ms] [LOG] [Fast Refresh] done in 3ms @ webpack-internal:///(app-pages-browser)/./node_modules/.pnpm/next@15.5.18_react-dom@19.2.4_react@19.2.4__react@19.2.4/node_modules/next/dist/client/dev/report-hmr-latency.js:13
[   42618ms] [LOG] [Fast Refresh] rebuilding @ webpack-internal:///(app-pages-browser)/./node_modules/.pnpm/next@15.5.18_react-dom@19.2.4_react@19.2.4__react@19.2.4/node_modules/next/dist/client/dev/hot-reloader/app/hot-reloader-app.js:196
[   42622ms] [LOG] [Fast Refresh] done in 4ms @ webpack-internal:///(app-pages-browser)/./node_modules/.pnpm/next@15.5.18_react-dom@19.2.4_react@19.2.4__react@19.2.4/node_modules/next/dist/client/dev/report-hmr-latency.js:13
[   42693ms] [LOG] [Fast Refresh] rebuilding @ webpack-internal:///(app-pages-browser)/./node_modules/.pnpm/next@15.5.18_react-dom@19.2.4_react@19.2.4__react@19.2.4/node_modules/next/dist/client/dev/hot-reloader/app/hot-reloader-app.js:196
[   42696ms] [LOG] [Fast Refresh] done in 3ms @ webpack-internal:///(app-pages-browser)/./node_modules/.pnpm/next@15.5.18_react-dom@19.2.4_react@19.2.4__react@19.2.4/node_modules/next/dist/client/dev/report-hmr-latency.js:13
[   42768ms] [LOG] [Fast Refresh] rebuilding @ webpack-internal:///(app-pages-browser)/./node_modules/.pnpm/next@15.5.18_react-dom@19.2.4_react@19.2.4__react@19.2.4/node_modules/next/dist/client/dev/hot-reloader/app/hot-reloader-app.js:196
[   42771ms] [LOG] [Fast Refresh] done in 3ms @ webpack-internal:///(app-pages-browser)/./node_modules/.pnpm/next@15.5.18_react-dom@19.2.4_react@19.2.4__react@19.2.4/node_modules/next/dist/client/dev/report-hmr-latency.js:13
[   42844ms] [LOG] [Fast Refresh] rebuilding @ webpack-internal:///(app-pages-browser)/./node_modules/.pnpm/next@15.5.18_react-dom@19.2.4_react@19.2.4__react@19.2.4/node_modules/next/dist/client/dev/hot-reloader/app/hot-reloader-app.js:196
[   42848ms] [LOG] [Fast Refresh] done in 3ms @ webpack-internal:///(app-pages-browser)/./node_modules/.pnpm/next@15.5.18_react-dom@19.2.4_react@19.2.4__react@19.2.4/node_modules/next/dist/client/dev/report-hmr-latency.js:13
[   42921ms] [LOG] [Fast Refresh] rebuilding @ webpack-internal:///(app-pages-browser)/./node_modules/.pnpm/next@15.5.18_react-dom@19.2.4_react@19.2.4__react@19.2.4/node_modules/next/dist/client/dev/hot-reloader/app/hot-reloader-app.js:196
[   42925ms] [LOG] [Fast Refresh] done in 3ms @ webpack-internal:///(app-pages-browser)/./node_modules/.pnpm/next@15.5.18_react-dom@19.2.4_react@19.2.4__react@19.2.4/node_modules/next/dist/client/dev/report-hmr-latency.js:13
[   42998ms] [LOG] [Fast Refresh] rebuilding @ webpack-internal:///(app-pages-browser)/./node_modules/.pnpm/next@15.5.18_react-dom@19.2.4_react@19.2.4__react@19.2.4/node_modules/next/dist/client/dev/hot-reloader/app/hot-reloader-app.js:196
[   43004ms] [LOG] [Fast Refresh] done in 7ms @ webpack-internal:///(app-pages-browser)/./node_modules/.pnpm/next@15.5.18_react-dom@19.2.4_react@19.2.4__react@19.2.4/node_modules/next/dist/client/dev/report-hmr-latency.js:13
[   43077ms] [LOG] [Fast Refresh] rebuilding @ webpack-internal:///(app-pages-browser)/./node_modules/.pnpm/next@15.5.18_react-dom@19.2.4_react@19.2.4__react@19.2.4/node_modules/next/dist/client/dev/hot-reloader/app/hot-reloader-app.js:196
[   43081ms] [LOG] [Fast Refresh] done in 4ms @ webpack-internal:///(app-pages-browser)/./node_modules/.pnpm/next@15.5.18_react-dom@19.2.4_react@19.2.4__react@19.2.4/node_modules/next/dist/client/dev/report-hmr-latency.js:13
[   43156ms] [LOG] [Fast Refresh] rebuilding @ webpack-internal:///(app-pages-browser)/./node_modules/.pnpm/next@15.5.18_react-dom@19.2.4_react@19.2.4__react@19.2.4/node_modules/next/dist/client/dev/hot-reloader/app/hot-reloader-app.js:196
[   43160ms] [LOG] [Fast Refresh] done in 4ms @ webpack-internal:///(app-pages-browser)/./node_modules/.pnpm/next@15.5.18_react-dom@19.2.4_react@19.2.4__react@19.2.4/node_modules/next/dist/client/dev/report-hmr-latency.js:13
[   43233ms] [LOG] [Fast Refresh] rebuilding @ webpack-internal:///(app-pages-browser)/./node_modules/.pnpm/next@15.5.18_react-dom@19.2.4_react@19.2.4__react@19.2.4/node_modules/next/dist/client/dev/hot-reloader/app/hot-reloader-app.js:196
[   43237ms] [LOG] [Fast Refresh] done in 4ms @ webpack-internal:///(app-pages-browser)/./node_modules/.pnpm/next@15.5.18_react-dom@19.2.4_react@19.2.4__react@19.2.4/node_modules/next/dist/client/dev/report-hmr-latency.js:13
[   43305ms] [LOG] [Fast Refresh] rebuilding @ webpack-internal:///(app-pages-browser)/./node_modules/.pnpm/next@15.5.18_react-dom@19.2.4_react@19.2.4__react@19.2.4/node_modules/next/dist/client/dev/hot-reloader/app/hot-reloader-app.js:196
[   43308ms] [LOG] [Fast Refresh] done in 3ms @ webpack-internal:///(app-pages-browser)/./node_modules/.pnpm/next@15.5.18_react-dom@19.2.4_react@19.2.4__react@19.2.4/node_modules/next/dist/client/dev/report-hmr-latency.js:13
[   43380ms] [LOG] [Fast Refresh] rebuilding @ webpack-internal:///(app-pages-browser)/./node_modules/.pnpm/next@15.5.18_react-dom@19.2.4_react@19.2.4__react@19.2.4/node_modules/next/dist/client/dev/hot-reloader/app/hot-reloader-app.js:196
[   43384ms] [LOG] [Fast Refresh] done in 4ms @ webpack-internal:///(app-pages-browser)/./node_modules/.pnpm/next@15.5.18_react-dom@19.2.4_react@19.2.4__react@19.2.4/node_modules/next/dist/client/dev/report-hmr-latency.js:13
[   43454ms] [LOG] [Fast Refresh] rebuilding @ webpack-internal:///(app-pages-browser)/./node_modules/.pnpm/next@15.5.18_react-dom@19.2.4_react@19.2.4__react@19.2.4/node_modules/next/dist/client/dev/hot-reloader/app/hot-reloader-app.js:196
[   43458ms] [LOG] [Fast Refresh] done in 4ms @ webpack-internal:///(app-pages-browser)/./node_modules/.pnpm/next@15.5.18_react-dom@19.2.4_react@19.2.4__react@19.2.4/node_modules/next/dist/client/dev/report-hmr-latency.js:13
[   43532ms] [LOG] [Fast Refresh] rebuilding @ webpack-internal:///(app-pages-browser)/./node_modules/.pnpm/next@15.5.18_react-dom@19.2.4_react@19.2.4__react@19.2.4/node_modules/next/dist/client/dev/hot-reloader/app/hot-reloader-app.js:196
[   43538ms] [LOG] [Fast Refresh] done in 6ms @ webpack-internal:///(app-pages-browser)/./node_modules/.pnpm/next@15.5.18_react-dom@19.2.4_react@19.2.4__react@19.2.4/node_modules/next/dist/client/dev/report-hmr-latency.js:13
[   43607ms] [LOG] [Fast Refresh] rebuilding @ webpack-internal:///(app-pages-browser)/./node_modules/.pnpm/next@15.5.18_react-dom@19.2.4_react@19.2.4__react@19.2.4/node_modules/next/dist/client/dev/hot-reloader/app/hot-reloader-app.js:196
[   43611ms] [LOG] [Fast Refresh] done in 4ms @ webpack-internal:///(app-pages-browser)/./node_modules/.pnpm/next@15.5.18_react-dom@19.2.4_react@19.2.4__react@19.2.4/node_modules/next/dist/client/dev/report-hmr-latency.js:13
[   43688ms] [LOG] [Fast Refresh] rebuilding @ webpack-internal:///(app-pages-browser)/./node_modules/.pnpm/next@15.5.18_react-dom@19.2.4_react@19.2.4__react@19.2.4/node_modules/next/dist/client/dev/hot-reloader/app/hot-reloader-app.js:196
[   43692ms] [LOG] [Fast Refresh] done in 4ms @ webpack-internal:///(app-pages-browser)/./node_modules/.pnpm/next@15.5.18_react-dom@19.2.4_react@19.2.4__react@19.2.4/node_modules/next/dist/client/dev/report-hmr-latency.js:13
[   43764ms] [LOG] [Fast Refresh] rebuilding @ webpack-internal:///(app-pages-browser)/./node_modules/.pnpm/next@15.5.18_react-dom@19.2.4_react@19.2.4__react@19.2.4/node_modules/next/dist/client/dev/hot-reloader/app/hot-reloader-app.js:196
[   43768ms] [LOG] [Fast Refresh] done in 4ms @ webpack-internal:///(app-pages-browser)/./node_modules/.pnpm/next@15.5.18_react-dom@19.2.4_react@19.2.4__react@19.2.4/node_modules/next/dist/client/dev/report-hmr-latency.js:13
[   43843ms] [LOG] [Fast Refresh] rebuilding @ webpack-internal:///(app-pages-browser)/./node_modules/.pnpm/next@15.5.18_react-dom@19.2.4_react@19.2.4__react@19.2.4/node_modules/next/dist/client/dev/hot-reloader/app/hot-reloader-app.js:196
[   43846ms] [LOG] [Fast Refresh] done in 3ms @ webpack-internal:///(app-pages-browser)/./node_modules/.pnpm/next@15.5.18_react-dom@19.2.4_react@19.2.4__react@19.2.4/node_modules/next/dist/client/dev/report-hmr-latency.js:13
[   43922ms] [LOG] [Fast Refresh] rebuilding @ webpack-internal:///(app-pages-browser)/./node_modules/.pnpm/next@15.5.18_react-dom@19.2.4_react@19.2.4__react@19.2.4/node_modules/next/dist/client/dev/hot-reloader/app/hot-reloader-app.js:196
[   43928ms] [LOG] [Fast Refresh] done in 6ms @ webpack-internal:///(app-pages-browser)/./node_modules/.pnpm/next@15.5.18_react-dom@19.2.4_react@19.2.4__react@19.2.4/node_modules/next/dist/client/dev/report-hmr-latency.js:13
[   43990ms] [LOG] [Fast Refresh] rebuilding @ webpack-internal:///(app-pages-browser)/./node_modules/.pnpm/next@15.5.18_react-dom@19.2.4_react@19.2.4__react@19.2.4/node_modules/next/dist/client/dev/hot-reloader/app/hot-reloader-app.js:196
[   44008ms] [LOG] [Fast Refresh] done in 18ms @ webpack-internal:///(app-pages-browser)/./node_modules/.pnpm/next@15.5.18_react-dom@19.2.4_react@19.2.4__react@19.2.4/node_modules/next/dist/client/dev/report-hmr-latency.js:13
[   44061ms] [LOG] [Fast Refresh] rebuilding @ webpack-internal:///(app-pages-browser)/./node_modules/.pnpm/next@15.5.18_react-dom@19.2.4_react@19.2.4__react@19.2.4/node_modules/next/dist/client/dev/hot-reloader/app/hot-reloader-app.js:196
[   44063ms] [LOG] [Fast Refresh] done in 3ms @ webpack-internal:///(app-pages-browser)/./node_modules/.pnpm/next@15.5.18_react-dom@19.2.4_react@19.2.4__react@19.2.4/node_modules/next/dist/client/dev/report-hmr-latency.js:13
[   44141ms] [LOG] [Fast Refresh] rebuilding @ webpack-internal:///(app-pages-browser)/./node_modules/.pnpm/next@15.5.18_react-dom@19.2.4_react@19.2.4__react@19.2.4/node_modules/next/dist/client/dev/hot-reloader/app/hot-reloader-app.js:196
[   44144ms] [LOG] [Fast Refresh] done in 4ms @ webpack-internal:///(app-pages-browser)/./node_modules/.pnpm/next@15.5.18_react-dom@19.2.4_react@19.2.4__react@19.2.4/node_modules/next/dist/client/dev/report-hmr-latency.js:13
[   44226ms] [LOG] [Fast Refresh] rebuilding @ webpack-internal:///(app-pages-browser)/./node_modules/.pnpm/next@15.5.18_react-dom@19.2.4_react@19.2.4__react@19.2.4/node_modules/next/dist/client/dev/hot-reloader/app/hot-reloader-app.js:196
[   44229ms] [LOG] [Fast Refresh] done in 3ms @ webpack-internal:///(app-pages-browser)/./node_modules/.pnpm/next@15.5.18_react-dom@19.2.4_react@19.2.4__react@19.2.4/node_modules/next/dist/client/dev/report-hmr-latency.js:13
[   44311ms] [LOG] [Fast Refresh] rebuilding @ webpack-internal:///(app-pages-browser)/./node_modules/.pnpm/next@15.5.18_react-dom@19.2.4_react@19.2.4__react@19.2.4/node_modules/next/dist/client/dev/hot-reloader/app/hot-reloader-app.js:196
[   44314ms] [LOG] [Fast Refresh] done in 3ms @ webpack-internal:///(app-pages-browser)/./node_modules/.pnpm/next@15.5.18_react-dom@19.2.4_react@19.2.4__react@19.2.4/node_modules/next/dist/client/dev/report-hmr-latency.js:13
[   44394ms] [LOG] [Fast Refresh] rebuilding @ webpack-internal:///(app-pages-browser)/./node_modules/.pnpm/next@15.5.18_react-dom@19.2.4_react@19.2.4__react@19.2.4/node_modules/next/dist/client/dev/hot-reloader/app/hot-reloader-app.js:196
[   44408ms] [LOG] [Fast Refresh] done in 14ms @ webpack-internal:///(app-pages-browser)/./node_modules/.pnpm/next@15.5.18_react-dom@19.2.4_react@19.2.4__react@19.2.4/node_modules/next/dist/client/dev/report-hmr-latency.js:13
[   44475ms] [LOG] [Fast Refresh] rebuilding @ webpack-internal:///(app-pages-browser)/./node_modules/.pnpm/next@15.5.18_react-dom@19.2.4_react@19.2.4__react@19.2.4/node_modules/next/dist/client/dev/hot-reloader/app/hot-reloader-app.js:196
[   44490ms] [LOG] [Fast Refresh] done in 15ms @ webpack-internal:///(app-pages-browser)/./node_modules/.pnpm/next@15.5.18_react-dom@19.2.4_react@19.2.4__react@19.2.4/node_modules/next/dist/client/dev/report-hmr-latency.js:13
[   44562ms] [LOG] [Fast Refresh] rebuilding @ webpack-internal:///(app-pages-browser)/./node_modules/.pnpm/next@15.5.18_react-dom@19.2.4_react@19.2.4__react@19.2.4/node_modules/next/dist/client/dev/hot-reloader/app/hot-reloader-app.js:196
[   44586ms] [LOG] [Fast Refresh] done in 24ms @ webpack-internal:///(app-pages-browser)/./node_modules/.pnpm/next@15.5.18_react-dom@19.2.4_react@19.2.4__react@19.2.4/node_modules/next/dist/client/dev/report-hmr-latency.js:13
[   44676ms] [LOG] [Fast Refresh] rebuilding @ webpack-internal:///(app-pages-browser)/./node_modules/.pnpm/next@15.5.18_react-dom@19.2.4_react@19.2.4__react@19.2.4/node_modules/next/dist/client/dev/hot-reloader/app/hot-reloader-app.js:196
[   44691ms] [LOG] [Fast Refresh] done in 16ms @ webpack-internal:///(app-pages-browser)/./node_modules/.pnpm/next@15.5.18_react-dom@19.2.4_react@19.2.4__react@19.2.4/node_modules/next/dist/client/dev/report-hmr-latency.js:13
[   44752ms] [LOG] [Fast Refresh] rebuilding @ webpack-internal:///(app-pages-browser)/./node_modules/.pnpm/next@15.5.18_react-dom@19.2.4_react@19.2.4__react@19.2.4/node_modules/next/dist/client/dev/hot-reloader/app/hot-reloader-app.js:196
[   44767ms] [LOG] [Fast Refresh] done in 14ms @ webpack-internal:///(app-pages-browser)/./node_modules/.pnpm/next@15.5.18_react-dom@19.2.4_react@19.2.4__react@19.2.4/node_modules/next/dist/client/dev/report-hmr-latency.js:13
[   44833ms] [LOG] [Fast Refresh] rebuilding @ webpack-internal:///(app-pages-browser)/./node_modules/.pnpm/next@15.5.18_react-dom@19.2.4_react@19.2.4__react@19.2.4/node_modules/next/dist/client/dev/hot-reloader/app/hot-reloader-app.js:196
[   44836ms] [LOG] [Fast Refresh] done in 3ms @ webpack-internal:///(app-pages-browser)/./node_modules/.pnpm/next@15.5.18_react-dom@19.2.4_react@19.2.4__react@19.2.4/node_modules/next/dist/client/dev/report-hmr-latency.js:13
[   44907ms] [LOG] [Fast Refresh] rebuilding @ webpack-internal:///(app-pages-browser)/./node_modules/.pnpm/next@15.5.18_react-dom@19.2.4_react@19.2.4__react@19.2.4/node_modules/next/dist/client/dev/hot-reloader/app/hot-reloader-app.js:196
[   44922ms] [LOG] [Fast Refresh] done in 15ms @ webpack-internal:///(app-pages-browser)/./node_modules/.pnpm/next@15.5.18_react-dom@19.2.4_react@19.2.4__react@19.2.4/node_modules/next/dist/client/dev/report-hmr-latency.js:13
[   44986ms] [LOG] [Fast Refresh] rebuilding @ webpack-internal:///(app-pages-browser)/./node_modules/.pnpm/next@15.5.18_react-dom@19.2.4_react@19.2.4__react@19.2.4/node_modules/next/dist/client/dev/hot-reloader/app/hot-reloader-app.js:196
[   44989ms] [LOG] [Fast Refresh] done in 3ms @ webpack-internal:///(app-pages-browser)/./node_modules/.pnpm/next@15.5.18_react-dom@19.2.4_react@19.2.4__react@19.2.4/node_modules/next/dist/client/dev/report-hmr-latency.js:13
[   45063ms] [LOG] [Fast Refresh] rebuilding @ webpack-internal:///(app-pages-browser)/./node_modules/.pnpm/next@15.5.18_react-dom@19.2.4_react@19.2.4__react@19.2.4/node_modules/next/dist/client/dev/hot-reloader/app/hot-reloader-app.js:196
[   45066ms] [LOG] [Fast Refresh] done in 4ms @ webpack-internal:///(app-pages-browser)/./node_modules/.pnpm/next@15.5.18_react-dom@19.2.4_react@19.2.4__react@19.2.4/node_modules/next/dist/client/dev/report-hmr-latency.js:13
[   45137ms] [LOG] [Fast Refresh] rebuilding @ webpack-internal:///(app-pages-browser)/./node_modules/.pnpm/next@15.5.18_react-dom@19.2.4_react@19.2.4__react@19.2.4/node_modules/next/dist/client/dev/hot-reloader/app/hot-reloader-app.js:196
[   45140ms] [LOG] [Fast Refresh] done in 3ms @ webpack-internal:///(app-pages-browser)/./node_modules/.pnpm/next@15.5.18_react-dom@19.2.4_react@19.2.4__react@19.2.4/node_modules/next/dist/client/dev/report-hmr-latency.js:13
[   45213ms] [LOG] [Fast Refresh] rebuilding @ webpack-internal:///(app-pages-browser)/./node_modules/.pnpm/next@15.5.18_react-dom@19.2.4_react@19.2.4__react@19.2.4/node_modules/next/dist/client/dev/hot-reloader/app/hot-reloader-app.js:196
[   45217ms] [LOG] [Fast Refresh] done in 3ms @ webpack-internal:///(app-pages-browser)/./node_modules/.pnpm/next@15.5.18_react-dom@19.2.4_react@19.2.4__react@19.2.4/node_modules/next/dist/client/dev/report-hmr-latency.js:13
[   45292ms] [LOG] [Fast Refresh] rebuilding @ webpack-internal:///(app-pages-browser)/./node_modules/.pnpm/next@15.5.18_react-dom@19.2.4_react@19.2.4__react@19.2.4/node_modules/next/dist/client/dev/hot-reloader/app/hot-reloader-app.js:196
[   45306ms] [LOG] [Fast Refresh] done in 15ms @ webpack-internal:///(app-pages-browser)/./node_modules/.pnpm/next@15.5.18_react-dom@19.2.4_react@19.2.4__react@19.2.4/node_modules/next/dist/client/dev/report-hmr-latency.js:13
[   45369ms] [LOG] [Fast Refresh] rebuilding @ webpack-internal:///(app-pages-browser)/./node_modules/.pnpm/next@15.5.18_react-dom@19.2.4_react@19.2.4__react@19.2.4/node_modules/next/dist/client/dev/hot-reloader/app/hot-reloader-app.js:196
[   45384ms] [LOG] [Fast Refresh] done in 16ms @ webpack-internal:///(app-pages-browser)/./node_modules/.pnpm/next@15.5.18_react-dom@19.2.4_react@19.2.4__react@19.2.4/node_modules/next/dist/client/dev/report-hmr-latency.js:13
[   45451ms] [LOG] [Fast Refresh] rebuilding @ webpack-internal:///(app-pages-browser)/./node_modules/.pnpm/next@15.5.18_react-dom@19.2.4_react@19.2.4__react@19.2.4/node_modules/next/dist/client/dev/hot-reloader/app/hot-reloader-app.js:196
[   45470ms] [LOG] [Fast Refresh] done in 18ms @ webpack-internal:///(app-pages-browser)/./node_modules/.pnpm/next@15.5.18_react-dom@19.2.4_react@19.2.4__react@19.2.4/node_modules/next/dist/client/dev/report-hmr-latency.js:13
[   45530ms] [LOG] [Fast Refresh] rebuilding @ webpack-internal:///(app-pages-browser)/./node_modules/.pnpm/next@15.5.18_react-dom@19.2.4_react@19.2.4__react@19.2.4/node_modules/next/dist/client/dev/hot-reloader/app/hot-reloader-app.js:196
[   45545ms] [LOG] [Fast Refresh] done in 15ms @ webpack-internal:///(app-pages-browser)/./node_modules/.pnpm/next@15.5.18_react-dom@19.2.4_react@19.2.4__react@19.2.4/node_modules/next/dist/client/dev/report-hmr-latency.js:13
[   45610ms] [LOG] [Fast Refresh] rebuilding @ webpack-internal:///(app-pages-browser)/./node_modules/.pnpm/next@15.5.18_react-dom@19.2.4_react@19.2.4__react@19.2.4/node_modules/next/dist/client/dev/hot-reloader/app/hot-reloader-app.js:196
[   45613ms] [LOG] [Fast Refresh] done in 3ms @ webpack-internal:///(app-pages-browser)/./node_modules/.pnpm/next@15.5.18_react-dom@19.2.4_react@19.2.4__react@19.2.4/node_modules/next/dist/client/dev/report-hmr-latency.js:13
[   45686ms] [LOG] [Fast Refresh] rebuilding @ webpack-internal:///(app-pages-browser)/./node_modules/.pnpm/next@15.5.18_react-dom@19.2.4_react@19.2.4__react@19.2.4/node_modules/next/dist/client/dev/hot-reloader/app/hot-reloader-app.js:196
[   45689ms] [LOG] [Fast Refresh] done in 4ms @ webpack-internal:///(app-pages-browser)/./node_modules/.pnpm/next@15.5.18_react-dom@19.2.4_react@19.2.4__react@19.2.4/node_modules/next/dist/client/dev/report-hmr-latency.js:13
[   45766ms] [LOG] [Fast Refresh] rebuilding @ webpack-internal:///(app-pages-browser)/./node_modules/.pnpm/next@15.5.18_react-dom@19.2.4_react@19.2.4__react@19.2.4/node_modules/next/dist/client/dev/hot-reloader/app/hot-reloader-app.js:196
[   45783ms] [LOG] [Fast Refresh] done in 16ms @ webpack-internal:///(app-pages-browser)/./node_modules/.pnpm/next@15.5.18_react-dom@19.2.4_react@19.2.4__react@19.2.4/node_modules/next/dist/client/dev/report-hmr-latency.js:13
[   45863ms] [LOG] [Fast Refresh] rebuilding @ webpack-internal:///(app-pages-browser)/./node_modules/.pnpm/next@15.5.18_react-dom@19.2.4_react@19.2.4__react@19.2.4/node_modules/next/dist/client/dev/hot-reloader/app/hot-reloader-app.js:196
[   45882ms] [LOG] [Fast Refresh] done in 18ms @ webpack-internal:///(app-pages-browser)/./node_modules/.pnpm/next@15.5.18_react-dom@19.2.4_react@19.2.4__react@19.2.4/node_modules/next/dist/client/dev/report-hmr-latency.js:13
[   45957ms] [LOG] [Fast Refresh] rebuilding @ webpack-internal:///(app-pages-browser)/./node_modules/.pnpm/next@15.5.18_react-dom@19.2.4_react@19.2.4__react@19.2.4/node_modules/next/dist/client/dev/hot-reloader/app/hot-reloader-app.js:196
[   45961ms] [LOG] [Fast Refresh] done in 5ms @ webpack-internal:///(app-pages-browser)/./node_modules/.pnpm/next@15.5.18_react-dom@19.2.4_react@19.2.4__react@19.2.4/node_modules/next/dist/client/dev/report-hmr-latency.js:13
[   46044ms] [LOG] [Fast Refresh] rebuilding @ webpack-internal:///(app-pages-browser)/./node_modules/.pnpm/next@15.5.18_react-dom@19.2.4_react@19.2.4__react@19.2.4/node_modules/next/dist/client/dev/hot-reloader/app/hot-reloader-app.js:196
[   46047ms] [LOG] [Fast Refresh] done in 4ms @ webpack-internal:///(app-pages-browser)/./node_modules/.pnpm/next@15.5.18_react-dom@19.2.4_react@19.2.4__react@19.2.4/node_modules/next/dist/client/dev/report-hmr-latency.js:13
[   46135ms] [LOG] [Fast Refresh] rebuilding @ webpack-internal:///(app-pages-browser)/./node_modules/.pnpm/next@15.5.18_react-dom@19.2.4_react@19.2.4__react@19.2.4/node_modules/next/dist/client/dev/hot-reloader/app/hot-reloader-app.js:196
[   46138ms] [LOG] [Fast Refresh] done in 3ms @ webpack-internal:///(app-pages-browser)/./node_modules/.pnpm/next@15.5.18_react-dom@19.2.4_react@19.2.4__react@19.2.4/node_modules/next/dist/client/dev/report-hmr-latency.js:13
[   46208ms] [LOG] [Fast Refresh] rebuilding @ webpack-internal:///(app-pages-browser)/./node_modules/.pnpm/next@15.5.18_react-dom@19.2.4_react@19.2.4__react@19.2.4/node_modules/next/dist/client/dev/hot-reloader/app/hot-reloader-app.js:196
[   46222ms] [LOG] [Fast Refresh] done in 14ms @ webpack-internal:///(app-pages-browser)/./node_modules/.pnpm/next@15.5.18_react-dom@19.2.4_react@19.2.4__react@19.2.4/node_modules/next/dist/client/dev/report-hmr-latency.js:13
[   46285ms] [LOG] [Fast Refresh] rebuilding @ webpack-internal:///(app-pages-browser)/./node_modules/.pnpm/next@15.5.18_react-dom@19.2.4_react@19.2.4__react@19.2.4/node_modules/next/dist/client/dev/hot-reloader/app/hot-reloader-app.js:196
[   46293ms] [LOG] [Fast Refresh] done in 8ms @ webpack-internal:///(app-pages-browser)/./node_modules/.pnpm/next@15.5.18_react-dom@19.2.4_react@19.2.4__react@19.2.4/node_modules/next/dist/client/dev/report-hmr-latency.js:13
[   46363ms] [LOG] [Fast Refresh] rebuilding @ webpack-internal:///(app-pages-browser)/./node_modules/.pnpm/next@15.5.18_react-dom@19.2.4_react@19.2.4__react@19.2.4/node_modules/next/dist/client/dev/hot-reloader/app/hot-reloader-app.js:196
[   46367ms] [LOG] [Fast Refresh] done in 4ms @ webpack-internal:///(app-pages-browser)/./node_modules/.pnpm/next@15.5.18_react-dom@19.2.4_react@19.2.4__react@19.2.4/node_modules/next/dist/client/dev/report-hmr-latency.js:13
[   46442ms] [LOG] [Fast Refresh] rebuilding @ webpack-internal:///(app-pages-browser)/./node_modules/.pnpm/next@15.5.18_react-dom@19.2.4_react@19.2.4__react@19.2.4/node_modules/next/dist/client/dev/hot-reloader/app/hot-reloader-app.js:196
[   46446ms] [LOG] [Fast Refresh] done in 3ms @ webpack-internal:///(app-pages-browser)/./node_modules/.pnpm/next@15.5.18_react-dom@19.2.4_react@19.2.4__react@19.2.4/node_modules/next/dist/client/dev/report-hmr-latency.js:13
[   46522ms] [LOG] [Fast Refresh] rebuilding @ webpack-internal:///(app-pages-browser)/./node_modules/.pnpm/next@15.5.18_react-dom@19.2.4_react@19.2.4__react@19.2.4/node_modules/next/dist/client/dev/hot-reloader/app/hot-reloader-app.js:196
[   46539ms] [LOG] [Fast Refresh] done in 18ms @ webpack-internal:///(app-pages-browser)/./node_modules/.pnpm/next@15.5.18_react-dom@19.2.4_react@19.2.4__react@19.2.4/node_modules/next/dist/client/dev/report-hmr-latency.js:13
[   46614ms] [LOG] [Fast Refresh] rebuilding @ webpack-internal:///(app-pages-browser)/./node_modules/.pnpm/next@15.5.18_react-dom@19.2.4_react@19.2.4__react@19.2.4/node_modules/next/dist/client/dev/hot-reloader/app/hot-reloader-app.js:196
[   46630ms] [LOG] [Fast Refresh] done in 15ms @ webpack-internal:///(app-pages-browser)/./node_modules/.pnpm/next@15.5.18_react-dom@19.2.4_react@19.2.4__react@19.2.4/node_modules/next/dist/client/dev/report-hmr-latency.js:13
[   46691ms] [LOG] [Fast Refresh] rebuilding @ webpack-internal:///(app-pages-browser)/./node_modules/.pnpm/next@15.5.18_react-dom@19.2.4_react@19.2.4__react@19.2.4/node_modules/next/dist/client/dev/hot-reloader/app/hot-reloader-app.js:196
[   46706ms] [LOG] [Fast Refresh] done in 14ms @ webpack-internal:///(app-pages-browser)/./node_modules/.pnpm/next@15.5.18_react-dom@19.2.4_react@19.2.4__react@19.2.4/node_modules/next/dist/client/dev/report-hmr-latency.js:13
[   46769ms] [LOG] [Fast Refresh] rebuilding @ webpack-internal:///(app-pages-browser)/./node_modules/.pnpm/next@15.5.18_react-dom@19.2.4_react@19.2.4__react@19.2.4/node_modules/next/dist/client/dev/hot-reloader/app/hot-reloader-app.js:196
[   46784ms] [LOG] [Fast Refresh] done in 15ms @ webpack-internal:///(app-pages-browser)/./node_modules/.pnpm/next@15.5.18_react-dom@19.2.4_react@19.2.4__react@19.2.4/node_modules/next/dist/client/dev/report-hmr-latency.js:13
[   47430ms] [LOG] [Fast Refresh] rebuilding @ webpack-internal:///(app-pages-browser)/./node_modules/.pnpm/next@15.5.18_react-dom@19.2.4_react@19.2.4__react@19.2.4/node_modules/next/dist/client/dev/hot-reloader/app/hot-reloader-app.js:196
[   47445ms] [LOG] [Fast Refresh] done in 16ms @ webpack-internal:///(app-pages-browser)/./node_modules/.pnpm/next@15.5.18_react-dom@19.2.4_react@19.2.4__react@19.2.4/node_modules/next/dist/client/dev/report-hmr-latency.js:13
[   47559ms] [LOG] [Fast Refresh] rebuilding @ webpack-internal:///(app-pages-browser)/./node_modules/.pnpm/next@15.5.18_react-dom@19.2.4_react@19.2.4__react@19.2.4/node_modules/next/dist/client/dev/hot-reloader/app/hot-reloader-app.js:196
[   47563ms] [LOG] [Fast Refresh] done in 3ms @ webpack-internal:///(app-pages-browser)/./node_modules/.pnpm/next@15.5.18_react-dom@19.2.4_react@19.2.4__react@19.2.4/node_modules/next/dist/client/dev/report-hmr-latency.js:13
[   47652ms] [LOG] [Fast Refresh] rebuilding @ webpack-internal:///(app-pages-browser)/./node_modules/.pnpm/next@15.5.18_react-dom@19.2.4_react@19.2.4__react@19.2.4/node_modules/next/dist/client/dev/hot-reloader/app/hot-reloader-app.js:196
[   47668ms] [LOG] [Fast Refresh] done in 15ms @ webpack-internal:///(app-pages-browser)/./node_modules/.pnpm/next@15.5.18_react-dom@19.2.4_react@19.2.4__react@19.2.4/node_modules/next/dist/client/dev/report-hmr-latency.js:13
[   47738ms] [LOG] [Fast Refresh] rebuilding @ webpack-internal:///(app-pages-browser)/./node_modules/.pnpm/next@15.5.18_react-dom@19.2.4_react@19.2.4__react@19.2.4/node_modules/next/dist/client/dev/hot-reloader/app/hot-reloader-app.js:196
[   47741ms] [LOG] [Fast Refresh] done in 3ms @ webpack-internal:///(app-pages-browser)/./node_modules/.pnpm/next@15.5.18_react-dom@19.2.4_react@19.2.4__react@19.2.4/node_modules/next/dist/client/dev/report-hmr-latency.js:13
[   47819ms] [LOG] [Fast Refresh] rebuilding @ webpack-internal:///(app-pages-browser)/./node_modules/.pnpm/next@15.5.18_react-dom@19.2.4_react@19.2.4__react@19.2.4/node_modules/next/dist/client/dev/hot-reloader/app/hot-reloader-app.js:196
[   47834ms] [LOG] [Fast Refresh] done in 15ms @ webpack-internal:///(app-pages-browser)/./node_modules/.pnpm/next@15.5.18_react-dom@19.2.4_react@19.2.4__react@19.2.4/node_modules/next/dist/client/dev/report-hmr-latency.js:13
[   47897ms] [LOG] [Fast Refresh] rebuilding @ webpack-internal:///(app-pages-browser)/./node_modules/.pnpm/next@15.5.18_react-dom@19.2.4_react@19.2.4__react@19.2.4/node_modules/next/dist/client/dev/hot-reloader/app/hot-reloader-app.js:196
[   47901ms] [LOG] [Fast Refresh] done in 4ms @ webpack-internal:///(app-pages-browser)/./node_modules/.pnpm/next@15.5.18_react-dom@19.2.4_react@19.2.4__react@19.2.4/node_modules/next/dist/client/dev/report-hmr-latency.js:13
[   47973ms] [LOG] [Fast Refresh] rebuilding @ webpack-internal:///(app-pages-browser)/./node_modules/.pnpm/next@15.5.18_react-dom@19.2.4_react@19.2.4__react@19.2.4/node_modules/next/dist/client/dev/hot-reloader/app/hot-reloader-app.js:196
[   47987ms] [LOG] [Fast Refresh] done in 14ms @ webpack-internal:///(app-pages-browser)/./node_modules/.pnpm/next@15.5.18_react-dom@19.2.4_react@19.2.4__react@19.2.4/node_modules/next/dist/client/dev/report-hmr-latency.js:13
[   48041ms] [LOG] [Fast Refresh] rebuilding @ webpack-internal:///(app-pages-browser)/./node_modules/.pnpm/next@15.5.18_react-dom@19.2.4_react@19.2.4__react@19.2.4/node_modules/next/dist/client/dev/hot-reloader/app/hot-reloader-app.js:196
[   48064ms] [LOG] [Fast Refresh] done in 23ms @ webpack-internal:///(app-pages-browser)/./node_modules/.pnpm/next@15.5.18_react-dom@19.2.4_react@19.2.4__react@19.2.4/node_modules/next/dist/client/dev/report-hmr-latency.js:13
[   48115ms] [LOG] [Fast Refresh] rebuilding @ webpack-internal:///(app-pages-browser)/./node_modules/.pnpm/next@15.5.18_react-dom@19.2.4_react@19.2.4__react@19.2.4/node_modules/next/dist/client/dev/hot-reloader/app/hot-reloader-app.js:196
[   48118ms] [LOG] [Fast Refresh] done in 3ms @ webpack-internal:///(app-pages-browser)/./node_modules/.pnpm/next@15.5.18_react-dom@19.2.4_react@19.2.4__react@19.2.4/node_modules/next/dist/client/dev/report-hmr-latency.js:13
[   48189ms] [LOG] [Fast Refresh] rebuilding @ webpack-internal:///(app-pages-browser)/./node_modules/.pnpm/next@15.5.18_react-dom@19.2.4_react@19.2.4__react@19.2.4/node_modules/next/dist/client/dev/hot-reloader/app/hot-reloader-app.js:196
[   48192ms] [LOG] [Fast Refresh] done in 3ms @ webpack-internal:///(app-pages-browser)/./node_modules/.pnpm/next@15.5.18_react-dom@19.2.4_react@19.2.4__react@19.2.4/node_modules/next/dist/client/dev/report-hmr-latency.js:13
[   48266ms] [LOG] [Fast Refresh] rebuilding @ webpack-internal:///(app-pages-browser)/./node_modules/.pnpm/next@15.5.18_react-dom@19.2.4_react@19.2.4__react@19.2.4/node_modules/next/dist/client/dev/hot-reloader/app/hot-reloader-app.js:196
[   48288ms] [LOG] [Fast Refresh] done in 21ms @ webpack-internal:///(app-pages-browser)/./node_modules/.pnpm/next@15.5.18_react-dom@19.2.4_react@19.2.4__react@19.2.4/node_modules/next/dist/client/dev/report-hmr-latency.js:13
[   48349ms] [LOG] [Fast Refresh] rebuilding @ webpack-internal:///(app-pages-browser)/./node_modules/.pnpm/next@15.5.18_react-dom@19.2.4_react@19.2.4__react@19.2.4/node_modules/next/dist/client/dev/hot-reloader/app/hot-reloader-app.js:196
[   48362ms] [LOG] [Fast Refresh] done in 14ms @ webpack-internal:///(app-pages-browser)/./node_modules/.pnpm/next@15.5.18_react-dom@19.2.4_react@19.2.4__react@19.2.4/node_modules/next/dist/client/dev/report-hmr-latency.js:13
[   48427ms] [LOG] [Fast Refresh] rebuilding @ webpack-internal:///(app-pages-browser)/./node_modules/.pnpm/next@15.5.18_react-dom@19.2.4_react@19.2.4__react@19.2.4/node_modules/next/dist/client/dev/hot-reloader/app/hot-reloader-app.js:196
[   48441ms] [LOG] [Fast Refresh] done in 14ms @ webpack-internal:///(app-pages-browser)/./node_modules/.pnpm/next@15.5.18_react-dom@19.2.4_react@19.2.4__react@19.2.4/node_modules/next/dist/client/dev/report-hmr-latency.js:13
[   48503ms] [LOG] [Fast Refresh] rebuilding @ webpack-internal:///(app-pages-browser)/./node_modules/.pnpm/next@15.5.18_react-dom@19.2.4_react@19.2.4__react@19.2.4/node_modules/next/dist/client/dev/hot-reloader/app/hot-reloader-app.js:196
[   48516ms] [LOG] [Fast Refresh] done in 14ms @ webpack-internal:///(app-pages-browser)/./node_modules/.pnpm/next@15.5.18_react-dom@19.2.4_react@19.2.4__react@19.2.4/node_modules/next/dist/client/dev/report-hmr-latency.js:13
[   48577ms] [LOG] [Fast Refresh] rebuilding @ webpack-internal:///(app-pages-browser)/./node_modules/.pnpm/next@15.5.18_react-dom@19.2.4_react@19.2.4__react@19.2.4/node_modules/next/dist/client/dev/hot-reloader/app/hot-reloader-app.js:196
[   48590ms] [LOG] [Fast Refresh] done in 13ms @ webpack-internal:///(app-pages-browser)/./node_modules/.pnpm/next@15.5.18_react-dom@19.2.4_react@19.2.4__react@19.2.4/node_modules/next/dist/client/dev/report-hmr-latency.js:13
[   48650ms] [LOG] [Fast Refresh] rebuilding @ webpack-internal:///(app-pages-browser)/./node_modules/.pnpm/next@15.5.18_react-dom@19.2.4_react@19.2.4__react@19.2.4/node_modules/next/dist/client/dev/hot-reloader/app/hot-reloader-app.js:196
[   48663ms] [LOG] [Fast Refresh] done in 14ms @ webpack-internal:///(app-pages-browser)/./node_modules/.pnpm/next@15.5.18_react-dom@19.2.4_react@19.2.4__react@19.2.4/node_modules/next/dist/client/dev/report-hmr-latency.js:13
[   48727ms] [LOG] [Fast Refresh] rebuilding @ webpack-internal:///(app-pages-browser)/./node_modules/.pnpm/next@15.5.18_react-dom@19.2.4_react@19.2.4__react@19.2.4/node_modules/next/dist/client/dev/hot-reloader/app/hot-reloader-app.js:196
[   48741ms] [LOG] [Fast Refresh] done in 15ms @ webpack-internal:///(app-pages-browser)/./node_modules/.pnpm/next@15.5.18_react-dom@19.2.4_react@19.2.4__react@19.2.4/node_modules/next/dist/client/dev/report-hmr-latency.js:13
[   48809ms] [LOG] [Fast Refresh] rebuilding @ webpack-internal:///(app-pages-browser)/./node_modules/.pnpm/next@15.5.18_react-dom@19.2.4_react@19.2.4__react@19.2.4/node_modules/next/dist/client/dev/hot-reloader/app/hot-reloader-app.js:196
[   48823ms] [LOG] [Fast Refresh] done in 13ms @ webpack-internal:///(app-pages-browser)/./node_modules/.pnpm/next@15.5.18_react-dom@19.2.4_react@19.2.4__react@19.2.4/node_modules/next/dist/client/dev/report-hmr-latency.js:13
[   48887ms] [LOG] [Fast Refresh] rebuilding @ webpack-internal:///(app-pages-browser)/./node_modules/.pnpm/next@15.5.18_react-dom@19.2.4_react@19.2.4__react@19.2.4/node_modules/next/dist/client/dev/hot-reloader/app/hot-reloader-app.js:196
[   48890ms] [LOG] [Fast Refresh] done in 2ms @ webpack-internal:///(app-pages-browser)/./node_modules/.pnpm/next@15.5.18_react-dom@19.2.4_react@19.2.4__react@19.2.4/node_modules/next/dist/client/dev/report-hmr-latency.js:13
[   48962ms] [LOG] [Fast Refresh] rebuilding @ webpack-internal:///(app-pages-browser)/./node_modules/.pnpm/next@15.5.18_react-dom@19.2.4_react@19.2.4__react@19.2.4/node_modules/next/dist/client/dev/hot-reloader/app/hot-reloader-app.js:196
[   48978ms] [LOG] [Fast Refresh] done in 15ms @ webpack-internal:///(app-pages-browser)/./node_modules/.pnpm/next@15.5.18_react-dom@19.2.4_react@19.2.4__react@19.2.4/node_modules/next/dist/client/dev/report-hmr-latency.js:13
[   49044ms] [LOG] [Fast Refresh] rebuilding @ webpack-internal:///(app-pages-browser)/./node_modules/.pnpm/next@15.5.18_react-dom@19.2.4_react@19.2.4__react@19.2.4/node_modules/next/dist/client/dev/hot-reloader/app/hot-reloader-app.js:196
[   49058ms] [LOG] [Fast Refresh] done in 14ms @ webpack-internal:///(app-pages-browser)/./node_modules/.pnpm/next@15.5.18_react-dom@19.2.4_react@19.2.4__react@19.2.4/node_modules/next/dist/client/dev/report-hmr-latency.js:13
[   49120ms] [LOG] [Fast Refresh] rebuilding @ webpack-internal:///(app-pages-browser)/./node_modules/.pnpm/next@15.5.18_react-dom@19.2.4_react@19.2.4__react@19.2.4/node_modules/next/dist/client/dev/hot-reloader/app/hot-reloader-app.js:196
[   49133ms] [LOG] [Fast Refresh] done in 13ms @ webpack-internal:///(app-pages-browser)/./node_modules/.pnpm/next@15.5.18_react-dom@19.2.4_react@19.2.4__react@19.2.4/node_modules/next/dist/client/dev/report-hmr-latency.js:13
[   49191ms] [LOG] [Fast Refresh] rebuilding @ webpack-internal:///(app-pages-browser)/./node_modules/.pnpm/next@15.5.18_react-dom@19.2.4_react@19.2.4__react@19.2.4/node_modules/next/dist/client/dev/hot-reloader/app/hot-reloader-app.js:196
[   49204ms] [LOG] [Fast Refresh] done in 14ms @ webpack-internal:///(app-pages-browser)/./node_modules/.pnpm/next@15.5.18_react-dom@19.2.4_react@19.2.4__react@19.2.4/node_modules/next/dist/client/dev/report-hmr-latency.js:13
[   49267ms] [LOG] [Fast Refresh] rebuilding @ webpack-internal:///(app-pages-browser)/./node_modules/.pnpm/next@15.5.18_react-dom@19.2.4_react@19.2.4__react@19.2.4/node_modules/next/dist/client/dev/hot-reloader/app/hot-reloader-app.js:196
[   49280ms] [LOG] [Fast Refresh] done in 13ms @ webpack-internal:///(app-pages-browser)/./node_modules/.pnpm/next@15.5.18_react-dom@19.2.4_react@19.2.4__react@19.2.4/node_modules/next/dist/client/dev/report-hmr-latency.js:13
[   49344ms] [LOG] [Fast Refresh] rebuilding @ webpack-internal:///(app-pages-browser)/./node_modules/.pnpm/next@15.5.18_react-dom@19.2.4_react@19.2.4__react@19.2.4/node_modules/next/dist/client/dev/hot-reloader/app/hot-reloader-app.js:196
[   49357ms] [LOG] [Fast Refresh] done in 13ms @ webpack-internal:///(app-pages-browser)/./node_modules/.pnpm/next@15.5.18_react-dom@19.2.4_react@19.2.4__react@19.2.4/node_modules/next/dist/client/dev/report-hmr-latency.js:13
[   49415ms] [LOG] [Fast Refresh] rebuilding @ webpack-internal:///(app-pages-browser)/./node_modules/.pnpm/next@15.5.18_react-dom@19.2.4_react@19.2.4__react@19.2.4/node_modules/next/dist/client/dev/hot-reloader/app/hot-reloader-app.js:196
[   49429ms] [LOG] [Fast Refresh] done in 15ms @ webpack-internal:///(app-pages-browser)/./node_modules/.pnpm/next@15.5.18_react-dom@19.2.4_react@19.2.4__react@19.2.4/node_modules/next/dist/client/dev/report-hmr-latency.js:13
[   49487ms] [LOG] [Fast Refresh] rebuilding @ webpack-internal:///(app-pages-browser)/./node_modules/.pnpm/next@15.5.18_react-dom@19.2.4_react@19.2.4__react@19.2.4/node_modules/next/dist/client/dev/hot-reloader/app/hot-reloader-app.js:196
[   49501ms] [LOG] [Fast Refresh] done in 14ms @ webpack-internal:///(app-pages-browser)/./node_modules/.pnpm/next@15.5.18_react-dom@19.2.4_react@19.2.4__react@19.2.4/node_modules/next/dist/client/dev/report-hmr-latency.js:13
[   49561ms] [LOG] [Fast Refresh] rebuilding @ webpack-internal:///(app-pages-browser)/./node_modules/.pnpm/next@15.5.18_react-dom@19.2.4_react@19.2.4__react@19.2.4/node_modules/next/dist/client/dev/hot-reloader/app/hot-reloader-app.js:196
[   49576ms] [LOG] [Fast Refresh] done in 14ms @ webpack-internal:///(app-pages-browser)/./node_modules/.pnpm/next@15.5.18_react-dom@19.2.4_react@19.2.4__react@19.2.4/node_modules/next/dist/client/dev/report-hmr-latency.js:13
[   49636ms] [LOG] [Fast Refresh] rebuilding @ webpack-internal:///(app-pages-browser)/./node_modules/.pnpm/next@15.5.18_react-dom@19.2.4_react@19.2.4__react@19.2.4/node_modules/next/dist/client/dev/hot-reloader/app/hot-reloader-app.js:196
[   49650ms] [LOG] [Fast Refresh] done in 13ms @ webpack-internal:///(app-pages-browser)/./node_modules/.pnpm/next@15.5.18_react-dom@19.2.4_react@19.2.4__react@19.2.4/node_modules/next/dist/client/dev/report-hmr-latency.js:13
[   49714ms] [LOG] [Fast Refresh] rebuilding @ webpack-internal:///(app-pages-browser)/./node_modules/.pnpm/next@15.5.18_react-dom@19.2.4_react@19.2.4__react@19.2.4/node_modules/next/dist/client/dev/hot-reloader/app/hot-reloader-app.js:196
[   49717ms] [LOG] [Fast Refresh] done in 4ms @ webpack-internal:///(app-pages-browser)/./node_modules/.pnpm/next@15.5.18_react-dom@19.2.4_react@19.2.4__react@19.2.4/node_modules/next/dist/client/dev/report-hmr-latency.js:13
[   49786ms] [LOG] [Fast Refresh] rebuilding @ webpack-internal:///(app-pages-browser)/./node_modules/.pnpm/next@15.5.18_react-dom@19.2.4_react@19.2.4__react@19.2.4/node_modules/next/dist/client/dev/hot-reloader/app/hot-reloader-app.js:196
[   49802ms] [LOG] [Fast Refresh] done in 16ms @ webpack-internal:///(app-pages-browser)/./node_modules/.pnpm/next@15.5.18_react-dom@19.2.4_react@19.2.4__react@19.2.4/node_modules/next/dist/client/dev/report-hmr-latency.js:13
[   49860ms] [LOG] [Fast Refresh] rebuilding @ webpack-internal:///(app-pages-browser)/./node_modules/.pnpm/next@15.5.18_react-dom@19.2.4_react@19.2.4__react@19.2.4/node_modules/next/dist/client/dev/hot-reloader/app/hot-reloader-app.js:196
[   49874ms] [LOG] [Fast Refresh] done in 14ms @ webpack-internal:///(app-pages-browser)/./node_modules/.pnpm/next@15.5.18_react-dom@19.2.4_react@19.2.4__react@19.2.4/node_modules/next/dist/client/dev/report-hmr-latency.js:13
[   49934ms] [LOG] [Fast Refresh] rebuilding @ webpack-internal:///(app-pages-browser)/./node_modules/.pnpm/next@15.5.18_react-dom@19.2.4_react@19.2.4__react@19.2.4/node_modules/next/dist/client/dev/hot-reloader/app/hot-reloader-app.js:196
[   49937ms] [LOG] [Fast Refresh] done in 4ms @ webpack-internal:///(app-pages-browser)/./node_modules/.pnpm/next@15.5.18_react-dom@19.2.4_react@19.2.4__react@19.2.4/node_modules/next/dist/client/dev/report-hmr-latency.js:13
[   50005ms] [LOG] [Fast Refresh] rebuilding @ webpack-internal:///(app-pages-browser)/./node_modules/.pnpm/next@15.5.18_react-dom@19.2.4_react@19.2.4__react@19.2.4/node_modules/next/dist/client/dev/hot-reloader/app/hot-reloader-app.js:196
[   50019ms] [LOG] [Fast Refresh] done in 13ms @ webpack-internal:///(app-pages-browser)/./node_modules/.pnpm/next@15.5.18_react-dom@19.2.4_react@19.2.4__react@19.2.4/node_modules/next/dist/client/dev/report-hmr-latency.js:13
[   50080ms] [LOG] [Fast Refresh] rebuilding @ webpack-internal:///(app-pages-browser)/./node_modules/.pnpm/next@15.5.18_react-dom@19.2.4_react@19.2.4__react@19.2.4/node_modules/next/dist/client/dev/hot-reloader/app/hot-reloader-app.js:196
[   50083ms] [LOG] [Fast Refresh] done in 4ms @ webpack-internal:///(app-pages-browser)/./node_modules/.pnpm/next@15.5.18_react-dom@19.2.4_react@19.2.4__react@19.2.4/node_modules/next/dist/client/dev/report-hmr-latency.js:13
[   50155ms] [LOG] [Fast Refresh] rebuilding @ webpack-internal:///(app-pages-browser)/./node_modules/.pnpm/next@15.5.18_react-dom@19.2.4_react@19.2.4__react@19.2.4/node_modules/next/dist/client/dev/hot-reloader/app/hot-reloader-app.js:196
[   50174ms] [LOG] [Fast Refresh] done in 19ms @ webpack-internal:///(app-pages-browser)/./node_modules/.pnpm/next@15.5.18_react-dom@19.2.4_react@19.2.4__react@19.2.4/node_modules/next/dist/client/dev/report-hmr-latency.js:13
[   50230ms] [LOG] [Fast Refresh] rebuilding @ webpack-internal:///(app-pages-browser)/./node_modules/.pnpm/next@15.5.18_react-dom@19.2.4_react@19.2.4__react@19.2.4/node_modules/next/dist/client/dev/hot-reloader/app/hot-reloader-app.js:196
[   50244ms] [LOG] [Fast Refresh] done in 13ms @ webpack-internal:///(app-pages-browser)/./node_modules/.pnpm/next@15.5.18_react-dom@19.2.4_react@19.2.4__react@19.2.4/node_modules/next/dist/client/dev/report-hmr-latency.js:13
[   50306ms] [LOG] [Fast Refresh] rebuilding @ webpack-internal:///(app-pages-browser)/./node_modules/.pnpm/next@15.5.18_react-dom@19.2.4_react@19.2.4__react@19.2.4/node_modules/next/dist/client/dev/hot-reloader/app/hot-reloader-app.js:196
[   50320ms] [LOG] [Fast Refresh] done in 14ms @ webpack-internal:///(app-pages-browser)/./node_modules/.pnpm/next@15.5.18_react-dom@19.2.4_react@19.2.4__react@19.2.4/node_modules/next/dist/client/dev/report-hmr-latency.js:13
[   50380ms] [LOG] [Fast Refresh] rebuilding @ webpack-internal:///(app-pages-browser)/./node_modules/.pnpm/next@15.5.18_react-dom@19.2.4_react@19.2.4__react@19.2.4/node_modules/next/dist/client/dev/hot-reloader/app/hot-reloader-app.js:196
[   50394ms] [LOG] [Fast Refresh] done in 15ms @ webpack-internal:///(app-pages-browser)/./node_modules/.pnpm/next@15.5.18_react-dom@19.2.4_react@19.2.4__react@19.2.4/node_modules/next/dist/client/dev/report-hmr-latency.js:13
[   50471ms] [LOG] [Fast Refresh] rebuilding @ webpack-internal:///(app-pages-browser)/./node_modules/.pnpm/next@15.5.18_react-dom@19.2.4_react@19.2.4__react@19.2.4/node_modules/next/dist/client/dev/hot-reloader/app/hot-reloader-app.js:196
[   50485ms] [LOG] [Fast Refresh] done in 14ms @ webpack-internal:///(app-pages-browser)/./node_modules/.pnpm/next@15.5.18_react-dom@19.2.4_react@19.2.4__react@19.2.4/node_modules/next/dist/client/dev/report-hmr-latency.js:13
[   50547ms] [LOG] [Fast Refresh] rebuilding @ webpack-internal:///(app-pages-browser)/./node_modules/.pnpm/next@15.5.18_react-dom@19.2.4_react@19.2.4__react@19.2.4/node_modules/next/dist/client/dev/hot-reloader/app/hot-reloader-app.js:196
[   50558ms] [LOG] [Fast Refresh] done in 12ms @ webpack-internal:///(app-pages-browser)/./node_modules/.pnpm/next@15.5.18_react-dom@19.2.4_react@19.2.4__react@19.2.4/node_modules/next/dist/client/dev/report-hmr-latency.js:13
[   50624ms] [LOG] [Fast Refresh] rebuilding @ webpack-internal:///(app-pages-browser)/./node_modules/.pnpm/next@15.5.18_react-dom@19.2.4_react@19.2.4__react@19.2.4/node_modules/next/dist/client/dev/hot-reloader/app/hot-reloader-app.js:196
[   50627ms] [LOG] [Fast Refresh] done in 3ms @ webpack-internal:///(app-pages-browser)/./node_modules/.pnpm/next@15.5.18_react-dom@19.2.4_react@19.2.4__react@19.2.4/node_modules/next/dist/client/dev/report-hmr-latency.js:13
[   50698ms] [LOG] [Fast Refresh] rebuilding @ webpack-internal:///(app-pages-browser)/./node_modules/.pnpm/next@15.5.18_react-dom@19.2.4_react@19.2.4__react@19.2.4/node_modules/next/dist/client/dev/hot-reloader/app/hot-reloader-app.js:196
[   50711ms] [LOG] [Fast Refresh] done in 13ms @ webpack-internal:///(app-pages-browser)/./node_modules/.pnpm/next@15.5.18_react-dom@19.2.4_react@19.2.4__react@19.2.4/node_modules/next/dist/client/dev/report-hmr-latency.js:13
[   50772ms] [LOG] [Fast Refresh] rebuilding @ webpack-internal:///(app-pages-browser)/./node_modules/.pnpm/next@15.5.18_react-dom@19.2.4_react@19.2.4__react@19.2.4/node_modules/next/dist/client/dev/hot-reloader/app/hot-reloader-app.js:196
[   50775ms] [LOG] [Fast Refresh] done in 3ms @ webpack-internal:///(app-pages-browser)/./node_modules/.pnpm/next@15.5.18_react-dom@19.2.4_react@19.2.4__react@19.2.4/node_modules/next/dist/client/dev/report-hmr-latency.js:13
[   50847ms] [LOG] [Fast Refresh] rebuilding @ webpack-internal:///(app-pages-browser)/./node_modules/.pnpm/next@15.5.18_react-dom@19.2.4_react@19.2.4__react@19.2.4/node_modules/next/dist/client/dev/hot-reloader/app/hot-reloader-app.js:196
[   50860ms] [LOG] [Fast Refresh] done in 14ms @ webpack-internal:///(app-pages-browser)/./node_modules/.pnpm/next@15.5.18_react-dom@19.2.4_react@19.2.4__react@19.2.4/node_modules/next/dist/client/dev/report-hmr-latency.js:13
[   50930ms] [LOG] [Fast Refresh] rebuilding @ webpack-internal:///(app-pages-browser)/./node_modules/.pnpm/next@15.5.18_react-dom@19.2.4_react@19.2.4__react@19.2.4/node_modules/next/dist/client/dev/hot-reloader/app/hot-reloader-app.js:196
[   50934ms] [LOG] [Fast Refresh] done in 3ms @ webpack-internal:///(app-pages-browser)/./node_modules/.pnpm/next@15.5.18_react-dom@19.2.4_react@19.2.4__react@19.2.4/node_modules/next/dist/client/dev/report-hmr-latency.js:13
[   51006ms] [LOG] [Fast Refresh] rebuilding @ webpack-internal:///(app-pages-browser)/./node_modules/.pnpm/next@15.5.18_react-dom@19.2.4_react@19.2.4__react@19.2.4/node_modules/next/dist/client/dev/hot-reloader/app/hot-reloader-app.js:196
[   51021ms] [LOG] [Fast Refresh] done in 14ms @ webpack-internal:///(app-pages-browser)/./node_modules/.pnpm/next@15.5.18_react-dom@19.2.4_react@19.2.4__react@19.2.4/node_modules/next/dist/client/dev/report-hmr-latency.js:13
[   51082ms] [LOG] [Fast Refresh] rebuilding @ webpack-internal:///(app-pages-browser)/./node_modules/.pnpm/next@15.5.18_react-dom@19.2.4_react@19.2.4__react@19.2.4/node_modules/next/dist/client/dev/hot-reloader/app/hot-reloader-app.js:196
[   51096ms] [LOG] [Fast Refresh] done in 13ms @ webpack-internal:///(app-pages-browser)/./node_modules/.pnpm/next@15.5.18_react-dom@19.2.4_react@19.2.4__react@19.2.4/node_modules/next/dist/client/dev/report-hmr-latency.js:13
[   51160ms] [LOG] [Fast Refresh] rebuilding @ webpack-internal:///(app-pages-browser)/./node_modules/.pnpm/next@15.5.18_react-dom@19.2.4_react@19.2.4__react@19.2.4/node_modules/next/dist/client/dev/hot-reloader/app/hot-reloader-app.js:196
[   51174ms] [LOG] [Fast Refresh] done in 14ms @ webpack-internal:///(app-pages-browser)/./node_modules/.pnpm/next@15.5.18_react-dom@19.2.4_react@19.2.4__react@19.2.4/node_modules/next/dist/client/dev/report-hmr-latency.js:13
[   51237ms] [LOG] [Fast Refresh] rebuilding @ webpack-internal:///(app-pages-browser)/./node_modules/.pnpm/next@15.5.18_react-dom@19.2.4_react@19.2.4__react@19.2.4/node_modules/next/dist/client/dev/hot-reloader/app/hot-reloader-app.js:196
[   51251ms] [LOG] [Fast Refresh] done in 15ms @ webpack-internal:///(app-pages-browser)/./node_modules/.pnpm/next@15.5.18_react-dom@19.2.4_react@19.2.4__react@19.2.4/node_modules/next/dist/client/dev/report-hmr-latency.js:13
[   51312ms] [LOG] [Fast Refresh] rebuilding @ webpack-internal:///(app-pages-browser)/./node_modules/.pnpm/next@15.5.18_react-dom@19.2.4_react@19.2.4__react@19.2.4/node_modules/next/dist/client/dev/hot-reloader/app/hot-reloader-app.js:196
[   51316ms] [LOG] [Fast Refresh] done in 5ms @ webpack-internal:///(app-pages-browser)/./node_modules/.pnpm/next@15.5.18_react-dom@19.2.4_react@19.2.4__react@19.2.4/node_modules/next/dist/client/dev/report-hmr-latency.js:13
[   51391ms] [LOG] [Fast Refresh] rebuilding @ webpack-internal:///(app-pages-browser)/./node_modules/.pnpm/next@15.5.18_react-dom@19.2.4_react@19.2.4__react@19.2.4/node_modules/next/dist/client/dev/hot-reloader/app/hot-reloader-app.js:196
[   51406ms] [LOG] [Fast Refresh] done in 15ms @ webpack-internal:///(app-pages-browser)/./node_modules/.pnpm/next@15.5.18_react-dom@19.2.4_react@19.2.4__react@19.2.4/node_modules/next/dist/client/dev/report-hmr-latency.js:13
[   51490ms] [LOG] [Fast Refresh] rebuilding @ webpack-internal:///(app-pages-browser)/./node_modules/.pnpm/next@15.5.18_react-dom@19.2.4_react@19.2.4__react@19.2.4/node_modules/next/dist/client/dev/hot-reloader/app/hot-reloader-app.js:196
[   51506ms] [LOG] [Fast Refresh] done in 16ms @ webpack-internal:///(app-pages-browser)/./node_modules/.pnpm/next@15.5.18_react-dom@19.2.4_react@19.2.4__react@19.2.4/node_modules/next/dist/client/dev/report-hmr-latency.js:13
[   51565ms] [LOG] [Fast Refresh] rebuilding @ webpack-internal:///(app-pages-browser)/./node_modules/.pnpm/next@15.5.18_react-dom@19.2.4_react@19.2.4__react@19.2.4/node_modules/next/dist/client/dev/hot-reloader/app/hot-reloader-app.js:196
[   51579ms] [LOG] [Fast Refresh] done in 13ms @ webpack-internal:///(app-pages-browser)/./node_modules/.pnpm/next@15.5.18_react-dom@19.2.4_react@19.2.4__react@19.2.4/node_modules/next/dist/client/dev/report-hmr-latency.js:13
[   51639ms] [LOG] [Fast Refresh] rebuilding @ webpack-internal:///(app-pages-browser)/./node_modules/.pnpm/next@15.5.18_react-dom@19.2.4_react@19.2.4__react@19.2.4/node_modules/next/dist/client/dev/hot-reloader/app/hot-reloader-app.js:196
[   51641ms] [LOG] [Fast Refresh] done in 3ms @ webpack-internal:///(app-pages-browser)/./node_modules/.pnpm/next@15.5.18_react-dom@19.2.4_react@19.2.4__react@19.2.4/node_modules/next/dist/client/dev/report-hmr-latency.js:13
[   51716ms] [LOG] [Fast Refresh] rebuilding @ webpack-internal:///(app-pages-browser)/./node_modules/.pnpm/next@15.5.18_react-dom@19.2.4_react@19.2.4__react@19.2.4/node_modules/next/dist/client/dev/hot-reloader/app/hot-reloader-app.js:196
[   51729ms] [LOG] [Fast Refresh] done in 13ms @ webpack-internal:///(app-pages-browser)/./node_modules/.pnpm/next@15.5.18_react-dom@19.2.4_react@19.2.4__react@19.2.4/node_modules/next/dist/client/dev/report-hmr-latency.js:13
[   51859ms] [LOG] [Fast Refresh] rebuilding @ webpack-internal:///(app-pages-browser)/./node_modules/.pnpm/next@15.5.18_react-dom@19.2.4_react@19.2.4__react@19.2.4/node_modules/next/dist/client/dev/hot-reloader/app/hot-reloader-app.js:196
[   51877ms] [LOG] [Fast Refresh] done in 18ms @ webpack-internal:///(app-pages-browser)/./node_modules/.pnpm/next@15.5.18_react-dom@19.2.4_react@19.2.4__react@19.2.4/node_modules/next/dist/client/dev/report-hmr-latency.js:13
[   51943ms] [LOG] [Fast Refresh] rebuilding @ webpack-internal:///(app-pages-browser)/./node_modules/.pnpm/next@15.5.18_react-dom@19.2.4_react@19.2.4__react@19.2.4/node_modules/next/dist/client/dev/hot-reloader/app/hot-reloader-app.js:196
[   51957ms] [LOG] [Fast Refresh] done in 15ms @ webpack-internal:///(app-pages-browser)/./node_modules/.pnpm/next@15.5.18_react-dom@19.2.4_react@19.2.4__react@19.2.4/node_modules/next/dist/client/dev/report-hmr-latency.js:13
[   52012ms] [LOG] [Fast Refresh] rebuilding @ webpack-internal:///(app-pages-browser)/./node_modules/.pnpm/next@15.5.18_react-dom@19.2.4_react@19.2.4__react@19.2.4/node_modules/next/dist/client/dev/hot-reloader/app/hot-reloader-app.js:196
[   52028ms] [LOG] [Fast Refresh] done in 17ms @ webpack-internal:///(app-pages-browser)/./node_modules/.pnpm/next@15.5.18_react-dom@19.2.4_react@19.2.4__react@19.2.4/node_modules/next/dist/client/dev/report-hmr-latency.js:13
[   52087ms] [LOG] [Fast Refresh] rebuilding @ webpack-internal:///(app-pages-browser)/./node_modules/.pnpm/next@15.5.18_react-dom@19.2.4_react@19.2.4__react@19.2.4/node_modules/next/dist/client/dev/hot-reloader/app/hot-reloader-app.js:196
[   52090ms] [LOG] [Fast Refresh] done in 3ms @ webpack-internal:///(app-pages-browser)/./node_modules/.pnpm/next@15.5.18_react-dom@19.2.4_react@19.2.4__react@19.2.4/node_modules/next/dist/client/dev/report-hmr-latency.js:13
[   52160ms] [LOG] [Fast Refresh] rebuilding @ webpack-internal:///(app-pages-browser)/./node_modules/.pnpm/next@15.5.18_react-dom@19.2.4_react@19.2.4__react@19.2.4/node_modules/next/dist/client/dev/hot-reloader/app/hot-reloader-app.js:196
[   52163ms] [LOG] [Fast Refresh] done in 3ms @ webpack-internal:///(app-pages-browser)/./node_modules/.pnpm/next@15.5.18_react-dom@19.2.4_react@19.2.4__react@19.2.4/node_modules/next/dist/client/dev/report-hmr-latency.js:13
[   52235ms] [LOG] [Fast Refresh] rebuilding @ webpack-internal:///(app-pages-browser)/./node_modules/.pnpm/next@15.5.18_react-dom@19.2.4_react@19.2.4__react@19.2.4/node_modules/next/dist/client/dev/hot-reloader/app/hot-reloader-app.js:196
[   52257ms] [LOG] [Fast Refresh] done in 21ms @ webpack-internal:///(app-pages-browser)/./node_modules/.pnpm/next@15.5.18_react-dom@19.2.4_react@19.2.4__react@19.2.4/node_modules/next/dist/client/dev/report-hmr-latency.js:13
[   52316ms] [LOG] [Fast Refresh] rebuilding @ webpack-internal:///(app-pages-browser)/./node_modules/.pnpm/next@15.5.18_react-dom@19.2.4_react@19.2.4__react@19.2.4/node_modules/next/dist/client/dev/hot-reloader/app/hot-reloader-app.js:196
[   52338ms] [LOG] [Fast Refresh] done in 23ms @ webpack-internal:///(app-pages-browser)/./node_modules/.pnpm/next@15.5.18_react-dom@19.2.4_react@19.2.4__react@19.2.4/node_modules/next/dist/client/dev/report-hmr-latency.js:13
[   52394ms] [LOG] [Fast Refresh] rebuilding @ webpack-internal:///(app-pages-browser)/./node_modules/.pnpm/next@15.5.18_react-dom@19.2.4_react@19.2.4__react@19.2.4/node_modules/next/dist/client/dev/hot-reloader/app/hot-reloader-app.js:196
[   52410ms] [LOG] [Fast Refresh] done in 16ms @ webpack-internal:///(app-pages-browser)/./node_modules/.pnpm/next@15.5.18_react-dom@19.2.4_react@19.2.4__react@19.2.4/node_modules/next/dist/client/dev/report-hmr-latency.js:13
[   52469ms] [LOG] [Fast Refresh] rebuilding @ webpack-internal:///(app-pages-browser)/./node_modules/.pnpm/next@15.5.18_react-dom@19.2.4_react@19.2.4__react@19.2.4/node_modules/next/dist/client/dev/hot-reloader/app/hot-reloader-app.js:196
[   52472ms] [LOG] [Fast Refresh] done in 3ms @ webpack-internal:///(app-pages-browser)/./node_modules/.pnpm/next@15.5.18_react-dom@19.2.4_react@19.2.4__react@19.2.4/node_modules/next/dist/client/dev/report-hmr-latency.js:13
[   52546ms] [LOG] [Fast Refresh] rebuilding @ webpack-internal:///(app-pages-browser)/./node_modules/.pnpm/next@15.5.18_react-dom@19.2.4_react@19.2.4__react@19.2.4/node_modules/next/dist/client/dev/hot-reloader/app/hot-reloader-app.js:196
[   52560ms] [LOG] [Fast Refresh] done in 14ms @ webpack-internal:///(app-pages-browser)/./node_modules/.pnpm/next@15.5.18_react-dom@19.2.4_react@19.2.4__react@19.2.4/node_modules/next/dist/client/dev/report-hmr-latency.js:13
[   52621ms] [LOG] [Fast Refresh] rebuilding @ webpack-internal:///(app-pages-browser)/./node_modules/.pnpm/next@15.5.18_react-dom@19.2.4_react@19.2.4__react@19.2.4/node_modules/next/dist/client/dev/hot-reloader/app/hot-reloader-app.js:196
[   52635ms] [LOG] [Fast Refresh] done in 14ms @ webpack-internal:///(app-pages-browser)/./node_modules/.pnpm/next@15.5.18_react-dom@19.2.4_react@19.2.4__react@19.2.4/node_modules/next/dist/client/dev/report-hmr-latency.js:13
[   52694ms] [LOG] [Fast Refresh] rebuilding @ webpack-internal:///(app-pages-browser)/./node_modules/.pnpm/next@15.5.18_react-dom@19.2.4_react@19.2.4__react@19.2.4/node_modules/next/dist/client/dev/hot-reloader/app/hot-reloader-app.js:196
[   52698ms] [LOG] [Fast Refresh] done in 3ms @ webpack-internal:///(app-pages-browser)/./node_modules/.pnpm/next@15.5.18_react-dom@19.2.4_react@19.2.4__react@19.2.4/node_modules/next/dist/client/dev/report-hmr-latency.js:13
[   52773ms] [LOG] [Fast Refresh] rebuilding @ webpack-internal:///(app-pages-browser)/./node_modules/.pnpm/next@15.5.18_react-dom@19.2.4_react@19.2.4__react@19.2.4/node_modules/next/dist/client/dev/hot-reloader/app/hot-reloader-app.js:196
[   52787ms] [LOG] [Fast Refresh] done in 14ms @ webpack-internal:///(app-pages-browser)/./node_modules/.pnpm/next@15.5.18_react-dom@19.2.4_react@19.2.4__react@19.2.4/node_modules/next/dist/client/dev/report-hmr-latency.js:13
[   52849ms] [LOG] [Fast Refresh] rebuilding @ webpack-internal:///(app-pages-browser)/./node_modules/.pnpm/next@15.5.18_react-dom@19.2.4_react@19.2.4__react@19.2.4/node_modules/next/dist/client/dev/hot-reloader/app/hot-reloader-app.js:196
[   52862ms] [LOG] [Fast Refresh] done in 14ms @ webpack-internal:///(app-pages-browser)/./node_modules/.pnpm/next@15.5.18_react-dom@19.2.4_react@19.2.4__react@19.2.4/node_modules/next/dist/client/dev/report-hmr-latency.js:13
[   52926ms] [LOG] [Fast Refresh] rebuilding @ webpack-internal:///(app-pages-browser)/./node_modules/.pnpm/next@15.5.18_react-dom@19.2.4_react@19.2.4__react@19.2.4/node_modules/next/dist/client/dev/hot-reloader/app/hot-reloader-app.js:196
[   52940ms] [LOG] [Fast Refresh] done in 14ms @ webpack-internal:///(app-pages-browser)/./node_modules/.pnpm/next@15.5.18_react-dom@19.2.4_react@19.2.4__react@19.2.4/node_modules/next/dist/client/dev/report-hmr-latency.js:13
[   53005ms] [LOG] [Fast Refresh] rebuilding @ webpack-internal:///(app-pages-browser)/./node_modules/.pnpm/next@15.5.18_react-dom@19.2.4_react@19.2.4__react@19.2.4/node_modules/next/dist/client/dev/hot-reloader/app/hot-reloader-app.js:196
[   53018ms] [LOG] [Fast Refresh] done in 14ms @ webpack-internal:///(app-pages-browser)/./node_modules/.pnpm/next@15.5.18_react-dom@19.2.4_react@19.2.4__react@19.2.4/node_modules/next/dist/client/dev/report-hmr-latency.js:13
[   53082ms] [LOG] [Fast Refresh] rebuilding @ webpack-internal:///(app-pages-browser)/./node_modules/.pnpm/next@15.5.18_react-dom@19.2.4_react@19.2.4__react@19.2.4/node_modules/next/dist/client/dev/hot-reloader/app/hot-reloader-app.js:196
[   53095ms] [LOG] [Fast Refresh] done in 13ms @ webpack-internal:///(app-pages-browser)/./node_modules/.pnpm/next@15.5.18_react-dom@19.2.4_react@19.2.4__react@19.2.4/node_modules/next/dist/client/dev/report-hmr-latency.js:13
[   53161ms] [LOG] [Fast Refresh] rebuilding @ webpack-internal:///(app-pages-browser)/./node_modules/.pnpm/next@15.5.18_react-dom@19.2.4_react@19.2.4__react@19.2.4/node_modules/next/dist/client/dev/hot-reloader/app/hot-reloader-app.js:196
[   53164ms] [LOG] [Fast Refresh] done in 3ms @ webpack-internal:///(app-pages-browser)/./node_modules/.pnpm/next@15.5.18_react-dom@19.2.4_react@19.2.4__react@19.2.4/node_modules/next/dist/client/dev/report-hmr-latency.js:13
[   53252ms] [LOG] [Fast Refresh] rebuilding @ webpack-internal:///(app-pages-browser)/./node_modules/.pnpm/next@15.5.18_react-dom@19.2.4_react@19.2.4__react@19.2.4/node_modules/next/dist/client/dev/hot-reloader/app/hot-reloader-app.js:196
[   53266ms] [LOG] [Fast Refresh] done in 14ms @ webpack-internal:///(app-pages-browser)/./node_modules/.pnpm/next@15.5.18_react-dom@19.2.4_react@19.2.4__react@19.2.4/node_modules/next/dist/client/dev/report-hmr-latency.js:13
[   53329ms] [LOG] [Fast Refresh] rebuilding @ webpack-internal:///(app-pages-browser)/./node_modules/.pnpm/next@15.5.18_react-dom@19.2.4_react@19.2.4__react@19.2.4/node_modules/next/dist/client/dev/hot-reloader/app/hot-reloader-app.js:196
[   53343ms] [LOG] [Fast Refresh] done in 14ms @ webpack-internal:///(app-pages-browser)/./node_modules/.pnpm/next@15.5.18_react-dom@19.2.4_react@19.2.4__react@19.2.4/node_modules/next/dist/client/dev/report-hmr-latency.js:13
[   53406ms] [LOG] [Fast Refresh] rebuilding @ webpack-internal:///(app-pages-browser)/./node_modules/.pnpm/next@15.5.18_react-dom@19.2.4_react@19.2.4__react@19.2.4/node_modules/next/dist/client/dev/hot-reloader/app/hot-reloader-app.js:196
[   53409ms] [LOG] [Fast Refresh] done in 4ms @ webpack-internal:///(app-pages-browser)/./node_modules/.pnpm/next@15.5.18_react-dom@19.2.4_react@19.2.4__react@19.2.4/node_modules/next/dist/client/dev/report-hmr-latency.js:13
[   53484ms] [LOG] [Fast Refresh] rebuilding @ webpack-internal:///(app-pages-browser)/./node_modules/.pnpm/next@15.5.18_react-dom@19.2.4_react@19.2.4__react@19.2.4/node_modules/next/dist/client/dev/hot-reloader/app/hot-reloader-app.js:196
[   53487ms] [LOG] [Fast Refresh] done in 2ms @ webpack-internal:///(app-pages-browser)/./node_modules/.pnpm/next@15.5.18_react-dom@19.2.4_react@19.2.4__react@19.2.4/node_modules/next/dist/client/dev/report-hmr-latency.js:13
[   53559ms] [LOG] [Fast Refresh] rebuilding @ webpack-internal:///(app-pages-browser)/./node_modules/.pnpm/next@15.5.18_react-dom@19.2.4_react@19.2.4__react@19.2.4/node_modules/next/dist/client/dev/hot-reloader/app/hot-reloader-app.js:196
[   53575ms] [LOG] [Fast Refresh] done in 16ms @ webpack-internal:///(app-pages-browser)/./node_modules/.pnpm/next@15.5.18_react-dom@19.2.4_react@19.2.4__react@19.2.4/node_modules/next/dist/client/dev/report-hmr-latency.js:13
[   53633ms] [LOG] [Fast Refresh] rebuilding @ webpack-internal:///(app-pages-browser)/./node_modules/.pnpm/next@15.5.18_react-dom@19.2.4_react@19.2.4__react@19.2.4/node_modules/next/dist/client/dev/hot-reloader/app/hot-reloader-app.js:196
[   53647ms] [LOG] [Fast Refresh] done in 13ms @ webpack-internal:///(app-pages-browser)/./node_modules/.pnpm/next@15.5.18_react-dom@19.2.4_react@19.2.4__react@19.2.4/node_modules/next/dist/client/dev/report-hmr-latency.js:13
[   53708ms] [LOG] [Fast Refresh] rebuilding @ webpack-internal:///(app-pages-browser)/./node_modules/.pnpm/next@15.5.18_react-dom@19.2.4_react@19.2.4__react@19.2.4/node_modules/next/dist/client/dev/hot-reloader/app/hot-reloader-app.js:196
[   53721ms] [LOG] [Fast Refresh] done in 14ms @ webpack-internal:///(app-pages-browser)/./node_modules/.pnpm/next@15.5.18_react-dom@19.2.4_react@19.2.4__react@19.2.4/node_modules/next/dist/client/dev/report-hmr-latency.js:13
[   53785ms] [LOG] [Fast Refresh] rebuilding @ webpack-internal:///(app-pages-browser)/./node_modules/.pnpm/next@15.5.18_react-dom@19.2.4_react@19.2.4__react@19.2.4/node_modules/next/dist/client/dev/hot-reloader/app/hot-reloader-app.js:196
[   53788ms] [LOG] [Fast Refresh] done in 3ms @ webpack-internal:///(app-pages-browser)/./node_modules/.pnpm/next@15.5.18_react-dom@19.2.4_react@19.2.4__react@19.2.4/node_modules/next/dist/client/dev/report-hmr-latency.js:13
[   53859ms] [LOG] [Fast Refresh] rebuilding @ webpack-internal:///(app-pages-browser)/./node_modules/.pnpm/next@15.5.18_react-dom@19.2.4_react@19.2.4__react@19.2.4/node_modules/next/dist/client/dev/hot-reloader/app/hot-reloader-app.js:196
